,rating,n_reviews,f_rating,s_rating,v_rating,about,price_range,s_diets,cuisines,features,Name,URL,name_letter
0,5.0,1139 ,5.0,5.0,4.5,,?20 - ?30,"Vegetarian Friendly, Vegan Options, Gluten Free Options","Wine Bar, Indian, Contemporary, Street Food",,Bonoo Indian Tapas,https://www.tripadvisor.com/Restaurant_Review-g186338-d10460592-Reviews-Bonoo_Indian_Tapas-London_England.html,bonooindiantapas
1,5.0,183 ,5.0,5.0,5.0,"Vegan Palestinian and Lebanese food for eat-in and takeaway. Hot falafel, made in-house throughout the day and a range of fresh, healthy hot and cold dishes in build-your-own salad boxes and wraps.",?6 - ?10,"Vegetarian Friendly, Vegan Options, Gluten Free Options, Halal","Lebanese, Mediterranean, Middle Eastern, Fast Food, Healthy","Delivery, Takeout, Seating, Accepts Credit Cards",Hibox,https://www.tripadvisor.com/Restaurant_Review-g186338-d21302648-Reviews-Hibox-London_England.html,hibox
2,5.0,139 ,5.0,5.0,5.0,,?4 - ?8,"Vegetarian Friendly, Vegan Options, Gluten Free Options","Cafe, British",,Devine Restaurant Coffee Bar,https://www.tripadvisor.com/Restaurant_Review-g186338-d13082910-Reviews-Devine_Restaurant_Coffee_Bar-London_England.html,devinerestaurantcoffeebar
3,5.0,1693 ,4.5,4.5,4.5,"Quintessential heart of Soho, Scarlett Green has been the proud title holder of Number One brunch Spot in the World on TripAdvisor. Spend intimate evenings chatting and indulging in our ÃÂ¢ÃÂÃÂSc",,"Breakfast, Lunch, Dinner, Brunch, Drinks","Vegetarian Friendly, Vegan Options, Gluten Free Options","Reservations, Outdoor Seating, Seating, Highchairs Available, Wheelchair Accessible, Serves Alcohol, Full Bar, Free Wifi, Table Service",Scarlett Green,https://www.tripadvisor.com/Restaurant_Review-g186338-d14134252-Reviews-Scarlett_Green-London_England.html,scarlettgreen
5,5.0,185 ,5.0,5.0,5.0,"Try the best; You must check out our exceptional menu that aims to prove that you can go to one place.for every meal, whatever time of day. As well as our range of fry-up, to the Spotted dick and trea",,"Breakfast, Lunch, Dinner, Brunch, Late Night, Drinks","Vegetarian Friendly, Vegan Options","Takeout, Seating, Free Wifi, Accepts Credit Cards, Table Service, Highchairs Available, Digital Payments, Family style, Non-smoking restaurants",Nora Cafe,https://www.tripadvisor.com/Restaurant_Review-g186338-d19982460-Reviews-Nora_Cafe-London_England.html,noracafe
6,4.5,890 ,4.5,4.5,4.0,"We have evolved our cuisine over the years to reflect the fine artistry in Indian cooking. We incorporate modern cooking techniques, whilst maintaining an authentic traditional taste. Our food, servic",?36 - ?90,"Vegetarian Friendly, Vegan Options, Gluten Free Options","Indian, Asian","Takeout, Reservations, Seating, Highchairs Available, Wheelchair Accessible, Serves Alcohol, Full Bar, Accepts American Express, Accepts Mastercard, Accepts Visa, Free Wifi, Accepts Credit Cards, Tabl",Bayleaf Restaurant,https://www.tripadvisor.com/Restaurant_Review-g186338-d5856902-Reviews-Bayleaf_Restaurant-London_England.html,bayleafrestaurant
7,5.0,711 ,5.0,5.0,5.0,Innovative vegan dishes and heart-warming classics are lovingly prepared on the premises by our chefs on a daily basis. The food is made from scratch with an emphasis on taking simple ingredients and ,?6 - ?30,"Vegetarian Friendly, Vegan Options, Gluten Free Options","Indian, Asian, Healthy","Delivery, Takeout, Reservations, Seating, Highchairs Available, Wheelchair Accessible, Free Wifi, Accepts Credit Cards, Table Service, Digital Payments, BYOB, Gift Cards Available",Amrutha Lounge,https://www.tripadvisor.com/Restaurant_Review-g186338-d13544747-Reviews-Amrutha_Lounge-London_England.html,amruthalounge
8,5.0,2764 ,4.5,4.5,4.5,"Located at the heart of Camden, offering delicious Greek and Mediterranean Cuisine, cooked on original charcoal grill. For private, group and special occasions. Enjoy the surroundings of our indoor ga",?12 - ?36,"Vegetarian Friendly, Vegan Options, Gluten Free Options","Mediterranean, Greek, International, Contemporary","Takeout, Reservations, Private Dining, Highchairs Available, Serves Alcohol, Full Bar, Accepts Credit Cards, Table Service, Gift Cards Available",Alexander The Great,https://www.tripadvisor.com/Restaurant_Review-g186338-d5122082-Reviews-Alexander_The_Great-London_England.html,alexanderthegreat
9,5.0,2052 ,4.5,5.0,4.5,,,Dinner,"Mediterranean, European, Greek, Healthy","Vegetarian Friendly, Vegan Options, Gluten Free Options",Andy's Greek Taverna,https://www.tripadvisor.com/Restaurant_Review-g186338-d10440481-Reviews-Andy_s_Greek_Taverna-London_England.html,andysgreektaverna
10,4.5,925 ,4.5,4.5,4.0,,?14 - ?30,"Vegetarian Friendly, Vegan Options, Halal, Gluten Free Options","Indian, Bangladeshi",,Muhib Indian Cuisine,https://www.tripadvisor.com/Restaurant_Review-g186338-d2064495-Reviews-Muhib_Indian_Cuisine-London_England.html,muhibindiancuisine
11,4.5,596 ,4.5,4.5,4.5,"A Friendly casual , yet chic Lebanese / Mediterranean Cuisine with a rich wine list and a great selection for vegans and vegetarians.",?8 - ?30,"Vegetarian Friendly, Vegan Options, Halal, Gluten Free Options","Lebanese, Mediterranean, Middle Eastern","Delivery, Takeout, Reservations, Seating, Highchairs Available, Wheelchair Accessible, Serves Alcohol, Wine and Beer, Accepts American Express, Accepts Mastercard, Accepts Visa, Digital Payments, Free",Chamisse,https://www.tripadvisor.com/Restaurant_Review-g186338-d3681424-Reviews-Chamisse-London_England.html,chamisse
12,5.0,214 ,5.0,5.0,5.0,Spasso is a unique Italian restaurant and bar with Southern Italian cuisine and funky cocktails.,?8 - ?48,"Vegetarian Friendly, Vegan Options","Italian, Mediterranean, Neapolitan, Campania, Southern-Italian","Takeout, Reservations, Outdoor Seating, Seating, Highchairs Available, Serves Alcohol, Full Bar, Accepts Credit Cards, Table Service, Gift Cards Available",Spasso,https://www.tripadvisor.com/Restaurant_Review-g186338-d19127403-Reviews-Spasso-London_England.html,spasso
13,4.5,844 ,4.5,4.5,4.5,,,"Lunch, Dinner, Drinks, Late Night","Indian, Asian","Vegetarian Friendly, Vegan Options, Halal, Gluten Free Options",Indian Moment,https://www.tripadvisor.com/Restaurant_Review-g186338-d804653-Reviews-Indian_Moment-London_England.html,indianmoment
14,5.0,1419 ,5.0,5.0,5.0,,?15 - ?20,"Vegetarian Friendly, Vegan Options, Halal, Gluten Free Options","Indian, Healthy",,Taste Of Nawab,https://www.tripadvisor.com/Restaurant_Review-g186338-d813149-Reviews-Taste_Of_Nawab-London_England.html,tasteofnawab
15,5.0,77 ,5.0,5.0,5.0,,,"Lunch, Dinner","Asian, Thai","Vegetarian Friendly, Vegan Options, Gluten Free Options",Awesome Thai #Finchley,https://www.tripadvisor.com/Restaurant_Review-g186338-d21498814-Reviews-Awesome_Thai_Finchley-London_England.html,awesomethai#finchley
16,5.0,117 ,5.0,5.0,5.0,,,"Lunch, Dinner",Fast Food,"Vegetarian Friendly, Gluten Free Options, Vegan Options",Bruce Burgers,https://www.tripadvisor.com/Restaurant_Review-g186338-d12923460-Reviews-Bruce_Burgers-London_England.html,bruceburgers
17,5.0,125 ,5.0,5.0,5.0,,,"Breakfast, Brunch, Lunch","Lebanese, Cafe, Deli, Middle Eastern","Vegetarian Friendly, Vegan Options",Tania's of Hampstead,https://www.tripadvisor.com/Restaurant_Review-g186338-d7337074-Reviews-Tania_s_of_Hampstead-London_England.html,taniasofhampstead
18,4.5,754 ,4.5,4.5,4.5,,?20 - ?60,"Vegetarian Friendly, Vegan Options, Gluten Free Options","British, International",,The Park Room,https://www.tripadvisor.com/Restaurant_Review-g186338-d1017662-Reviews-The_Park_Room-London_England.html,theparkroom
19,5.0,203 ,4.5,5.0,4.5,,?5 - ?12,Vegetarian Friendly,"Italian, Wine Bar, Mediterranean, European, Sicilian, Southern-Italian",,The Wine Place Covent Garden,https://www.tripadvisor.com/Restaurant_Review-g186338-d15828579-Reviews-The_Wine_Place_Covent_Garden-London_England.html,thewineplacecoventgarden
20,5.0,345 ,4.5,5.0,4.5,,?4 - ?11,"Vegetarian Friendly, Vegan Options, Gluten Free Options","Cafe, European, British, International",,Cafe Parisienne,https://www.tripadvisor.com/Restaurant_Review-g186338-d6171524-Reviews-Cafe_Parisienne-London_England.html,cafeparisienne
21,5.0,413 ,5.0,5.0,4.5,,?20 - ?45,"Vegetarian Friendly, Vegan Options, Gluten Free Options","Italian, Seafood, Mediterranean, European, Sicilian, Southern-Italian",,Manuel's Restaurant and Bar,https://www.tripadvisor.com/Restaurant_Review-g186338-d5784898-Reviews-Manuel_s_Restaurant_and_Bar-London_England.html,manuelsrestaurantandbar
22,4.5,1945 ,4.5,4.5,4.5,,?20 - ?30,"Vegetarian Friendly, Vegan Options, Halal, Gluten Free Options","Indian, Asian, Balti",,The Rajdoot,https://www.tripadvisor.com/Restaurant_Review-g186338-d1044584-Reviews-The_Rajdoot-London_England.html,therajdoot
23,5.0,616 ,5.0,5.0,4.5,,?15 - ?40,"Vegetarian Friendly, Vegan Options, Gluten Free Options","Indian, Asian, Grill",,The Rajdoot Hampstead,https://www.tripadvisor.com/Restaurant_Review-g186338-d15614126-Reviews-The_Rajdoot_Hampstead-London_England.html,therajdoothampstead
24,4.5,1208 ,4.5,4.5,4.5,"Nestled in the quaint residential streets of Kensington, Launceston Place is an award winning hidden gem. The Head Chef Ben Murphy, was named Chef to Watch 2016 by The Good Food Guide and took home th",?33 - ?95,"Vegetarian Friendly, Vegan Options, Gluten Free Options","European, British","Free Wifi, Reservations, Private Dining, Seating, Wheelchair Accessible, Serves Alcohol, Full Bar, Accepts American Express, Accepts Mastercard, Accepts Visa, Accepts Discover, Accepts Credit Cards, T",Launceston Place,https://www.tripadvisor.com/Restaurant_Review-g186338-d719675-Reviews-Launceston_Place-London_England.html,launcestonplace
25,5.0,156 ,5.0,5.0,5.0,"Trendy bar in Battersea, serving cocktails, local craft beer, boutique drinks, modern Middle Eastern food. Live jazz jamming sessions on Fridays, Saturdays and Sundays, and stand-up comedy on Wednesda",?8 - ?26,"Vegetarian Friendly, Vegan Options, Gluten Free Options","Mediterranean, Middle Eastern, Persian, Pub","Reservations, Outdoor Seating, Seating, Street Parking, Free off-street parking, Serves Alcohol, Full Bar, Wine and Beer, Accepts Credit Cards, Table Service, Wheelchair Accessible, Free Wifi, Live Mu",Room 43 Bar & Kitchen,https://www.tripadvisor.com/Restaurant_Review-g186338-d12830540-Reviews-Room_43_Bar_Kitchen-London_England.html,room43bar&kitchen
26,5.0,742 ,5.0,5.0,4.5,"Paladar is an award-winning restaurant and wine shop showcasing the best of Latin American food, wines, spirits, cocktails, coffee, music and contemporary art. The creative cuisine served as sharing p",?18 - ?36,"Vegetarian Friendly, Vegan Options, Gluten Free Options","South American, Latin, Contemporary, Fusion","Reservations, Outdoor Seating, Private Dining, Seating, Highchairs Available, Serves Alcohol, Full Bar, Wine and Beer, Free Wifi, Accepts Credit Cards, Table Service, Accepts American Express, Accepts",Paladar,https://www.tripadvisor.com/Restaurant_Review-g186338-d13110566-Reviews-Paladar-London_England.html,paladar
27,5.0,366 ,5.0,5.0,5.0,,?6 - ?17,"Vegetarian Friendly, Vegan Options, Gluten Free Options","Cafe, European, British",,Dobar,https://www.tripadvisor.com/Restaurant_Review-g186338-d15211822-Reviews-Dobar-London_England.html,dobar
28,4.5,920 ,4.0,4.0,4.0,"Established in 1992, Eastern Eye Balti House is one of the oldest curry house's on the famous Brick Lane. Family owned and boast a number of high profile clientele's. Authentic curry and recently won ",?12 - ?36,"Vegetarian Friendly, Vegan Options, Halal","Indian, Asian, Balti, Bangladeshi","Delivery, Full Bar, Takeout, Reservations, Seating, Street Parking, Free off-street parking, Television, Highchairs Available, Serves Alcohol, Wine and Beer, Accepts Mastercard, Accepts Visa, Table Se",Eastern Eye Balti House,https://www.tripadvisor.com/Restaurant_Review-g186338-d1735578-Reviews-Eastern_Eye_Balti_House-London_England.html,easterneyebaltihouse
29,5.0,118 ,5.0,5.0,4.5,,?6 - ?24,"Vegetarian Friendly, Vegan Options, Halal, Gluten Free Options","Lebanese, Mediterranean, Middle Eastern",,O Gourmet Libanais,https://www.tripadvisor.com/Restaurant_Review-g186338-d12922934-Reviews-O_Gourmet_Libanais-London_England.html,ogourmetlibanais
30,5.0,166 ,5.0,5.0,5.0,,?7 - ?20,"Vegetarian Friendly, Vegan Options, Gluten Free Options","European, International",,Latitude Wimbledon,https://www.tripadvisor.com/Restaurant_Review-g186338-d13474320-Reviews-Latitude_Wimbledon-London_England.html,latitudewimbledon
33,5.0,120 ,4.5,4.5,4.5,,?6 - ?15,"Vegetarian Friendly, Vegan Options","Bar, Pizza, Brew Pub, British",,Fugitive Motel,https://www.tripadvisor.com/Restaurant_Review-g186338-d19095785-Reviews-Fugitive_Motel-London_England.html,fugitivemotel
34,5.0,1051 ,4.5,5.0,4.5,,,"Lunch, Dinner, Brunch","Irish, Fast Food, British, Pub","Vegetarian Friendly, Vegan Options, Gluten Free Options",The Prince of Wales,https://www.tripadvisor.com/Restaurant_Review-g186338-d2074022-Reviews-The_Prince_of_Wales-London_England.html,theprinceofwales
35,4.5,663 ,4.5,4.5,4.5,"Awarded the Best Modern Asian restaurant in London, Yum Sa features Modern Asian cuisine influenced with the flavours of Thailand. Our mission is to connect people to simple great tasting food with a ",?7 - ?53,"Vegetarian Friendly, Vegan Options, Gluten Free Options","Asian, Thai, Fusion","Delivery, Takeout, Reservations, Private Dining, Seating, Highchairs Available, Wheelchair Accessible, Serves Alcohol, Full Bar, Wine and Beer, Free Wifi, Accepts Credit Cards, Table Service, Street P",Yum Sa,https://www.tripadvisor.com/Restaurant_Review-g186338-d13006784-Reviews-Yum_Sa-London_England.html,yumsa
36,5.0,217 ,5.0,5.0,5.0,,?5 - ?15,"Vegetarian Friendly, Vegan Options, Gluten Free Options","Cafe, European, British, Healthy",,Wild Thyme,https://www.tripadvisor.com/Restaurant_Review-g186338-d12569115-Reviews-Wild_Thyme-London_England.html,wildthyme
37,5.0,348 ,5.0,5.0,5.0,,,"Breakfast, Lunch, Brunch","Cafe, European, British, Healthy","Vegetarian Friendly, Vegan Options, Gluten Free Options",Cafe de Provence,https://www.tripadvisor.com/Restaurant_Review-g186338-d10371250-Reviews-Cafe_de_Provence-London_England.html,cafedeprovence
38,5.0,77 ,5.0,5.0,5.0,,?12 - ?18,"Vegetarian Friendly, Vegan Options","Indian, Healthy",,Bebs Kitchen,https://www.tripadvisor.com/Restaurant_Review-g186338-d17594014-Reviews-Bebs_Kitchen-London_England.html,bebskitchen
39,5.0,91 ,5.0,5.0,5.0,,?6 - ?22,"Vegetarian Friendly, Vegan Options","Persian, Healthy",,Almas Restaurant,https://www.tripadvisor.com/Restaurant_Review-g186338-d23103073-Reviews-Almas_Restaurant-London_England.html,almasrestaurant
40,5.0,116 ,5.0,5.0,5.0,,?12 - ?36,"Vegetarian Friendly, Vegan Options, Gluten Free Options",Indian,,The Hampshire,https://www.tripadvisor.com/Restaurant_Review-g186338-d2624871-Reviews-The_Hampshire-London_England.html,thehampshire
41,4.0,963 ,4.0,4.0,4.0,,?10 - ?18,"Vegetarian Friendly, Vegan Options, Halal, Gluten Free Options","Indian, Asian, Balti, Bangladeshi",,Brick Lane Brasserie,https://www.tripadvisor.com/Restaurant_Review-g186338-d2256061-Reviews-Brick_Lane_Brasserie-London_England.html,bricklanebrasserie
42,4.5,364 ,4.5,4.5,4.5,,?12 - ?28,"Vegetarian Friendly, Vegan Options, Halal, Gluten Free Options","Mediterranean, Turkish, Healthy, Middle Eastern",,Iznik,https://www.tripadvisor.com/Restaurant_Review-g186338-d719378-Reviews-Iznik-London_England.html,iznik
43,5.0,240 ,5.0,5.0,5.0,,?2 - ?10,"Vegetarian Friendly, Vegan Options, Gluten Free Options",British,,The Lounge Cafe,https://www.tripadvisor.com/Restaurant_Review-g186338-d10519837-Reviews-The_Lounge_Cafe-London_England.html,theloungecafe
44,4.5,387 ,4.5,4.5,4.5,,,"Lunch, Dinner, Late Night, Drinks","Italian, Pizza, Mediterranean, European, Romana, Lazio, Sicilian, Central-Italian, Southern-Italian","Vegetarian Friendly, Vegan Options, Gluten Free Options",Cafe Amisha,https://www.tripadvisor.com/Restaurant_Review-g186338-d2009271-Reviews-Cafe_Amisha-London_England.html,cafeamisha
45,5.0,95 ,5.0,5.0,5.0,"The team at 28ÃÂÃÂ°-50ÃÂÃÂ° is delighted to bring the magic of the groupÃÂ¢ÃÂÃÂs esteemed French and modern European cuisine to South Kensington. With simple, seasonal dishes, an award-winn",?31 - ?48,"Vegetarian Friendly, Vegan Options, Gluten Free Options","French, European, Wine Bar, Central European","Reservations, Seating, Serves Alcohol, Table Service",28-50 Wine Workshop & Kitchen South Kensington,https://www.tripadvisor.com/Restaurant_Review-g186338-d23304881-Reviews-28_50_Wine_Workshop_Kitchen_South_Kensington-London_England.html,28-50wineworkshop&kitchensouthkensington
47,5.0,262 ,5.0,5.0,4.5,,?54 - ?120,Gluten Free Options,"Seafood, British",,London Shell Co. Aboard The Prince Regent,https://www.tripadvisor.com/Restaurant_Review-g186338-d11838878-Reviews-London_Shell_Co_Aboard_The_Prince_Regent-London_England.html,londonshellco.aboardtheprinceregent
48,4.5,1276 ,5.0,4.5,4.5,,?18 - ?30,"Vegetarian Friendly, Vegan Options, Gluten Free Options","Taiwanese, Japanese, Asian",,Yuu Kitchen,https://www.tripadvisor.com/Restaurant_Review-g186338-d11717778-Reviews-Yuu_Kitchen-London_England.html,yuukitchen
49,5.0,192 ,5.0,5.0,5.0,,,"Lunch, Breakfast","Italian, European, Cafe","Vegetarian Friendly, Vegan Options, Gluten Free Options",L'Angolo Bianco,https://www.tripadvisor.com/Restaurant_Review-g186338-d8566994-Reviews-L_Angolo_Bianco-London_England.html,langolobianco
50,5.0,2531 ,4.5,5.0,4.5,Opening hours For food Monday until Sunday 12:30 to 23:00 Opening hours for drink Monday until Sunday 11:00 to 01:00,?17 - ?32,"Vegetarian Friendly, Vegan Options, Gluten Free Options","Mediterranean, European, Spanish","Reservations, Seating, Highchairs Available, Wheelchair Accessible, Serves Alcohol, Full Bar, Free Wifi, Accepts Credit Cards, Table Service",Bar 61 Restaurant,https://www.tripadvisor.com/Restaurant_Review-g186338-d1316206-Reviews-Bar_61_Restaurant-London_England.html,bar61restaurant
51,5.0,167 ,4.5,4.5,4.0,,,"Lunch, Dinner, Breakfast","Italian, Central-Italian","Vegetarian Friendly, Vegan Options, Gluten Free Options",Figo Leyton,https://www.tripadvisor.com/Restaurant_Review-g186338-d23451353-Reviews-Figo_Leyton-London_England.html,figoleyton
52,5.0,114 ,5.0,5.0,5.0,,?6 - ?14,"Vegetarian Friendly, Vegan Options, Gluten Free Options","Middle Eastern, Cafe, Healthy",,215 Hackney,https://www.tripadvisor.com/Restaurant_Review-g186338-d19067627-Reviews-215_Hackney-London_England.html,215hackney
53,5.0,2019 ,4.5,5.0,4.5,,,"Takeout, Outdoor Seating, Seating, Wheelchair Accessible, Serves Alcohol, Accepts Credit Cards, Table Service","Seafood, British","Lunch, Dinner",The Golden Chippy,https://www.tripadvisor.com/Restaurant_Review-g186338-d5244301-Reviews-The_Golden_Chippy-London_England.html,thegoldenchippy
54,5.0,355 ,4.5,5.0,4.5,We are the offspring of Hiba Express and serve the same delicious homecooked Middle Eastern food with our Palestinian roots infused. From tasty grills to vibrant vegan tastes - there is something for ,?6 - ?18,"Vegetarian Friendly, Vegan Options, Halal, Gluten Free Options","Lebanese, Mediterranean, Street Food, Middle Eastern","Delivery, Takeout, Reservations, Seating, Table Service",Hiba Street,https://www.tripadvisor.com/Restaurant_Review-g186338-d12069449-Reviews-Hiba_Street-London_England.html,hibastreet
55,5.0,249 ,5.0,5.0,4.5,"ItÃÂ¢ÃÂÃÂs about the journey, not the destination. ThatÃÂ¢ÃÂÃÂs why we took our name from the Amber Road trade route. It reflects everything that makes us special ÃÂ¢ÃÂÃÂ from our easte",?8 - ?26,"Vegetarian Friendly, Vegan Options, Gluten Free Options","Mediterranean, European, Healthy, Middle Eastern","Delivery, Takeout, Reservations, Seating, Wheelchair Accessible, Serves Alcohol, Full Bar, Free Wifi, Table Service, Gift Cards Available",Amber Restaurant,https://www.tripadvisor.com/Restaurant_Review-g186338-d13444942-Reviews-Amber_Restaurant-London_England.html,amberrestaurant
56,4.5,3162 ,4.0,4.0,4.0,Indian Lounge is an Indian restaurant situated in the heart of Kings Cross in central london. Our Indian restaurant is a mixture of modern and traditional. It perfectly combines modern decor and atmos,,"Lunch, Dinner, Brunch, Late Night","Vegetarian Friendly, Vegan Options, Halal, Gluten Free Options","Delivery, Takeout, Reservations, Seating, Highchairs Available, Wheelchair Accessible, Serves Alcohol, Full Bar, Free Wifi, Accepts Credit Cards, Table Service",Indian Lounge,https://www.tripadvisor.com/Restaurant_Review-g186338-d3206568-Reviews-Indian_Lounge-London_England.html,indianlounge
57,5.0,121 ,5.0,5.0,4.5,,,"Lunch, Dinner, Brunch, Breakfast","Bar, British, Pub","Vegetarian Friendly, Vegan Options, Gluten Free Options",The Hayden,https://www.tripadvisor.com/Restaurant_Review-g186338-d15529137-Reviews-The_Hayden-London_England.html,thehayden
59,5.0,238 ,5.0,5.0,5.0,,?6 - ?31,"Vegetarian Friendly, Vegan Options, Gluten Free Options","Italian, Pizza, Mediterranean",,The Chelsea Corner,https://www.tripadvisor.com/Restaurant_Review-g186338-d15021904-Reviews-The_Chelsea_Corner-London_England.html,thechelseacorner
60,5.0,196 ,5.0,5.0,5.0,Modern living inspired cuisine. Organic vegetarian restaurant serving international dishes using local produce in support of local British organic farmers.,?19 - ?30,"Vegetarian Friendly, Vegan Options, Gluten Free Options","Healthy, French, International, European","Reservations, Seating, Wheelchair Accessible, Serves Alcohol, Full Bar, Accepts Credit Cards, Table Service, Street Parking, Wine and Beer, Digital Payments, Non-smoking restaurants, Gift Cards Availa",Oliveira Kitchen,https://www.tripadvisor.com/Restaurant_Review-g186338-d13915112-Reviews-Oliveira_Kitchen-London_England.html,oliveirakitchen
61,4.5,1928 ,4.5,4.5,4.5,,?8 - ?20,"Vegetarian Friendly, Vegan Options, Halal, Gluten Free Options","Steakhouse, Mediterranean, Grill",,The Banc,https://www.tripadvisor.com/Restaurant_Review-g186338-d3419712-Reviews-The_Banc-London_England.html,thebanc
62,5.0,260 ,5.0,4.5,4.5,"The Jasmine by Spice Nouv-Oh! formerly located on Shooters Hill is a Indo-Fusion restaurant and takeaway now located on the broadway. We specialise in healthy, fresh and fusion cooking of traditional ",,Dinner,"Halal, Vegetarian Friendly, Vegan Options, Gluten Free Options","Delivery, Takeout, Serves Alcohol, Free Wifi, Reservations, Seating, Wheelchair Accessible, Full Bar, Table Service, Highchairs Available",The Jasmine by Spice Nouv-Oh!,https://www.tripadvisor.com/Restaurant_Review-g186338-d6885893-Reviews-The_Jasmine_by_Spice_Nouv_Oh-London_England.html,thejasminebyspicenouv-oh!
63,5.0,114 ,5.0,4.5,4.5,,?5 - ?10,"Vegetarian Friendly, Vegan Options, Gluten Free Options","Japanese, Seafood, Sushi, Asian",,Sanjugo London,https://www.tripadvisor.com/Restaurant_Review-g186338-d11663967-Reviews-Sanjugo_London-London_England.html,sanjugolondon
64,4.5,569 ,4.5,4.5,4.0,"A traditional curry house in London's East End, serving tantalising favourites such as Chicken Rezala & Lamb Lemongrass, there are a plethora of dishes to choose from as well as a competitively priced",?10 - ?40,"Vegetarian Friendly, Vegan Options, Halal, Gluten Free Options","Indian, Asian, Balti, Bangladeshi","Takeout, Reservations, Seating, Wheelchair Accessible, Serves Alcohol, Full Bar, Free Wifi, Table Service",Standard Balti House - Bricklanes Finest,https://www.tripadvisor.com/Restaurant_Review-g186338-d720607-Reviews-Standard_Balti_House_Bricklanes_Finest-London_England.html,standardbaltihouse-bricklanesfinest
65,5.0,649 ,5.0,5.0,5.0,,,"Lunch, Dinner, Late Night","African, Ethiopian","Vegetarian Friendly, Vegan Options, Gluten Free Options",Zeret Kitchen,https://www.tripadvisor.com/Restaurant_Review-g186338-d1748899-Reviews-Zeret_Kitchen-London_England.html,zeretkitchen
66,4.5,1494 ,4.5,4.5,4.0,,?28 - ?46,"Vegetarian Friendly, Vegan Options, Halal, Gluten Free Options","Indian, Asian, Balti, Bangladeshi, Fusion",,Tower Tandoori,https://www.tripadvisor.com/Restaurant_Review-g186338-d815603-Reviews-Tower_Tandoori-London_England.html,towertandoori
67,5.0,260 ,4.5,5.0,4.5,,,Dinner,"Indian, Asian, Balti, Bangladeshi","Vegetarian Friendly, Vegan Options, Halal, Gluten Free Options",The Spice Indian Restaurant,https://www.tripadvisor.com/Restaurant_Review-g186338-d2507902-Reviews-The_Spice_Indian_Restaurant-London_England.html,thespiceindianrestaurant
68,5.0,231 ,5.0,5.0,4.5,"Flavours of Puglia -Independent Italian Restaurant with homemade Pasta & stone baked Pizza. Terra Rossa in Islington is an Italian restaurant proudly serving up gorgeous cuisine from the sun-kissed, f",?24 - ?54,"Vegetarian Friendly, Vegan Options, Gluten Free Options","Italian, Pizza, Mediterranean, Southern-Italian","Delivery, Takeout, Reservations, Seating, Highchairs Available, Serves Alcohol, Full Bar, Free Wifi, Accepts Credit Cards, Table Service, Free off-street parking, Wine and Beer, Gift Cards Available",Terra Rossa,https://www.tripadvisor.com/Restaurant_Review-g186338-d15345285-Reviews-Terra_Rossa-London_England.html,terrarossa
69,4.5,1511 ,4.0,4.0,4.0,"Bengal Village - Best of Brick Lane is a family-run restaurant in the heart of the iconic Brick Lane which is also known as the Curry Mile of London. Established over two decades ago, arguably one of ",?10 - ?30,"Vegetarian Friendly, Vegan Options, Halal, Gluten Free Options","Indian, Asian, Balti, Bangladeshi, Grill","Delivery, Takeout, Seating, Highchairs Available, Serves Alcohol, Accepts American Express, Accepts Mastercard, Accepts Visa, Accepts Discover, Accepts Credit Cards, Table Service, Street Parking, Win",Bengal Village - Best of Brick Lane,https://www.tripadvisor.com/Restaurant_Review-g186338-d1964861-Reviews-Bengal_Village_Best_of_Brick_Lane-London_England.html,bengalvillage-bestofbricklane
70,5.0,111 ,5.0,5.0,5.0,,,"Breakfast, Lunch, Dinner, Brunch","Cafe, British, Fusion, European","Vegetarian Friendly, Vegan Options, Gluten Free Options",Richard's Kitchen,https://www.tripadvisor.com/Restaurant_Review-g186338-d13325769-Reviews-Richard_s_Kitchen-London_England.html,richardskitchen
72,5.0,204 ,5.0,4.5,5.0,,?4 - ?8,"Vegetarian Friendly, Vegan Options, Gluten Free Options","African, Cafe, Healthy",,KataKata,https://www.tripadvisor.com/Restaurant_Review-g186338-d8093529-Reviews-KataKata-London_England.html,katakata
73,5.0,321 ,4.5,4.5,4.5,,?8 - ?14,"Vegan Options, Gluten Free Options",Pizza,,Flour To The People!,https://www.tripadvisor.com/Restaurant_Review-g186338-d7995020-Reviews-Flour_To_The_People-London_England.html,flourtothepeople!
74,5.0,650 ,5.0,4.5,4.5,,,Dinner,Indian,"Vegetarian Friendly, Vegan Options, Halal, Gluten Free Options",Sitara,https://www.tripadvisor.com/Restaurant_Review-g186338-d2244333-Reviews-Sitara-London_England.html,sitara
75,5.0,111 ,5.0,5.0,4.5,,?5 - ?55,"Vegetarian Friendly, Vegan Options, Gluten Free Options","Japanese, Sushi, Asian, Healthy, Japanese Fusion",,TOKii,https://www.tripadvisor.com/Restaurant_Review-g186338-d19509990-Reviews-TOKii-London_England.html,tokii
76,5.0,1026 ,4.5,5.0,4.5,,?20 - ?40,"Vegetarian Friendly, Vegan Options, Gluten Free Options","European, British, Contemporary",,The Clink Restaurant,https://www.tripadvisor.com/Restaurant_Review-g186338-d6635485-Reviews-The_Clink_Restaurant-London_England.html,theclinkrestaurant
78,5.0,254 ,5.0,5.0,4.5,,?4 - ?15,"Vegetarian Friendly, Vegan Options, Gluten Free Options","Italian, Pizza, Mediterranean, European, Neapolitan, Campania, Southern-Italian",,Oi Vita Pizzeria,https://www.tripadvisor.com/Restaurant_Review-g186338-d11961993-Reviews-Oi_Vita_Pizzeria-London_England.html,oivitapizzeria
87,5.0,533 ,4.5,5.0,5.0,,?8 - ?22,"Vegetarian Friendly, Vegan Options, Gluten Free Options","Mediterranean, Italian, Bar, Pizza, Pub, Sicilian, Southern-Italian",,The Prince of Greenwich Pub,https://www.tripadvisor.com/Restaurant_Review-g186338-d7159326-Reviews-The_Prince_of_Greenwich_Pub-London_England.html,theprinceofgreenwichpub
88,5.0,960 ,4.5,5.0,4.5,,?6 - ?17,"Vegetarian Friendly, Vegan Options, Gluten Free Options","Italian, Cafe, British",,E Pellicci,https://www.tripadvisor.com/Restaurant_Review-g186338-d731643-Reviews-E_Pellicci-London_England.html,epellicci
89,4.5,1960 ,4.5,4.5,4.5,,,"Takeout, Reservations, Seating, Highchairs Available, Wheelchair Accessible, Table Service","Seafood, Fast Food, British","Lunch, Dinner, Late Night",Fishcotheque,https://www.tripadvisor.com/Restaurant_Review-g186338-d1316331-Reviews-Fishcotheque-London_England.html,fishcotheque
91,5.0,257 ,5.0,5.0,4.5,,?10 - ?30,Gluten Free Options,"Steakhouse, European, British",,Knife Restaurant,https://www.tripadvisor.com/Restaurant_Review-g186338-d10825060-Reviews-Knife_Restaurant-London_England.html,kniferestaurant
92,5.0,168 ,4.5,4.5,4.5,"Osteria Napoletana offers traditional Neapolitan and Campanian dishes, with quality ingredients, everything surrounded by a chic atmosphere and at the same time genuine.",?15 - ?30,"Vegetarian Friendly, Vegan Options, Gluten Free Options","Italian, Seafood, Mediterranean, Neapolitan, Campania, Southern-Italian","Reservations, Outdoor Seating, Seating, Highchairs Available, Wheelchair Accessible, Serves Alcohol, Free Wifi, Accepts Credit Cards, Table Service, Full Bar, Digital Payments",Osteria Napoletana,https://www.tripadvisor.com/Restaurant_Review-g186338-d17383940-Reviews-Osteria_Napoletana-London_England.html,osterianapoletana
93,4.5,2728 ,4.5,4.5,4.5,"For Table Bookings https://iran-restaurant-mayfair.resos.com/booking Since opening our Iran Restaurant in 2001, weÃÂ¢ÃÂÃÂve been providing delicious food and refreshing drinks, in beautiful surro",?36 - ?36,"Vegetarian Friendly, Vegan Options, Halal, Gluten Free Options","Healthy, Middle Eastern, Persian","Delivery, Takeout, Reservations, Outdoor Seating, Private Dining, Seating, Highchairs Available, Wheelchair Accessible, Serves Alcohol, Full Bar, Free Wifi, Accepts Credit Cards, Table Service",Iran Restaurant,https://www.tripadvisor.com/Restaurant_Review-g186338-d733340-Reviews-Iran_Restaurant-London_England.html,iranrestaurant
95,5.0,131 ,5.0,5.0,4.5,,?12 - ?48,"Vegetarian Friendly, Gluten Free Options","European, Wine Bar",,Humble Grape Liverpool Street,https://www.tripadvisor.com/Restaurant_Review-g186338-d13462998-Reviews-Humble_Grape_Liverpool_Street-London_England.html,humblegrapeliverpoolstreet
96,5.0,137 ,4.5,4.5,4.5,,?18 - ?36,"Vegetarian Friendly, Gluten Free Options","Mediterranean, European, Spanish",,Llerena. Iberico Tapas Bar,https://www.tripadvisor.com/Restaurant_Review-g186338-d13341128-Reviews-Llerena_Iberico_Tapas_Bar-London_England.html,llerena.ibericotapasbar
97,4.5,715 ,4.0,4.0,4.0,,?6 - ?17,"Vegetarian Friendly, Vegan Options, Gluten Free Options","Bar, British",,Revolution Bar Clapham High Street,https://www.tripadvisor.com/Restaurant_Review-g186338-d8382000-Reviews-Revolution_Bar_Clapham_High_Street-London_England.html,revolutionbarclaphamhighstreet
98,5.0,156 ,5.0,5.0,5.0,,?6 - ?16,"Vegetarian Friendly, Vegan Options, Gluten Free Options","French, European",,Chez Antoinette Victoria,https://www.tripadvisor.com/Restaurant_Review-g186338-d16948705-Reviews-Chez_Antoinette_Victoria-London_England.html,chezantoinettevictoria
99,4.5,2115 ,4.0,4.0,4.0,,?14 - ?36,"Vegetarian Friendly, Vegan Options, Halal, Gluten Free Options","Indian, Asian, Balti, Bangladeshi",,The Monsoon,https://www.tripadvisor.com/Restaurant_Review-g186338-d1550869-Reviews-The_Monsoon-London_England.html,themonsoon
100,4.5,804 ,4.5,4.5,4.5,,?31 - ?48,"Vegetarian Friendly, Vegan Options, Gluten Free Options","Italian, Mediterranean, European, Romana, Lazio, Central-Italian",,Osteria Romana,https://www.tripadvisor.com/Restaurant_Review-g186338-d13149344-Reviews-Osteria_Romana-London_England.html,osteriaromana
101,5.0,214 ,5.0,4.5,4.5,We are closed from 29th August till 3rd September 2019 for our yearly summer closure. We reopen on the 4th September 2019.See you in September .Chez Abir Management,?8 - ?18,"Vegetarian Friendly, Vegan Options, Halal, Gluten Free Options","Lebanese, Mediterranean, Middle Eastern","Takeout, Reservations, Seating, Highchairs Available, Serves Alcohol, Wine and Beer, Accepts Mastercard, Accepts Visa, Delivery, Accepts Credit Cards, Table Service",Chez Abir Restaurant,https://www.tripadvisor.com/Restaurant_Review-g186338-d1014977-Reviews-Chez_Abir_Restaurant-London_England.html,chezabirrestaurant
102,5.0,138 ,4.5,5.0,4.5,,?7 - ?34,"Vegetarian Friendly, Vegan Options, Gluten Free Options","European, British",,Alcedo Bistro & Bar,https://www.tripadvisor.com/Restaurant_Review-g186338-d10701523-Reviews-Alcedo_Bistro_Bar-London_England.html,alcedobistro&bar
103,5.0,197 ,5.0,5.0,5.0,,?7 - ?23,"Vegetarian Friendly, Vegan Options, Gluten Free Options","Italian, Pizza, Seafood, Mediterranean, European, Neapolitan, Campania, Southern-Italian",,Tonis Amalfi,https://www.tripadvisor.com/Restaurant_Review-g186338-d12947166-Reviews-Tonis_Amalfi-London_England.html,tonisamalfi
104,5.0,225 ,5.0,5.0,4.5,,,Dinner,"Japanese, Seafood, Sushi, Asian",Gluten Free Options,Sushi Tetsu,https://www.tripadvisor.com/Restaurant_Review-g186338-d3314573-Reviews-Sushi_Tetsu-London_England.html,sushitetsu
105,5.0,542 ,5.0,5.0,4.5,"Since launching in 2018, Barge East has become a prominent destination for food and drink in East London - a number one rated restaurant on TripAdvisor 2019/2020. Following on from this, we have now l",?6 - ?18,"Vegetarian Friendly, Vegan Options, Gluten Free Options",British,"Takeout, Reservations, Outdoor Seating, Seating, Highchairs Available, Serves Alcohol, Full Bar, Accepts Credit Cards, Table Service, Wine and Beer, Live Music, Waterfront, Dog Friendly, Gift Cards Av",Barge East Restaurant,https://www.tripadvisor.com/Restaurant_Review-g186338-d14766290-Reviews-Barge_East_Restaurant-London_England.html,bargeeastrestaurant
106,4.5,692 ,4.5,4.5,4.5,"Modern Classic Thai Cuisine. Beautifully executed cooking is the hallmark of this Thai restaurant, situated slightly opposite the Olympic Studios/ Cinema on Church Road in Barnes. Our mission is to si",?8 - ?24,"Vegetarian Friendly, Vegan Options, Gluten Free Options","Asian, Thai","Highchairs Available, Free Wifi, Delivery, Takeout, Reservations, Seating, Street Parking, Free off-street parking, Wheelchair Accessible, Serves Alcohol, Full Bar, Wine and Beer, Accepts American Exp",Awesome Thai #Barnes,https://www.tripadvisor.com/Restaurant_Review-g186338-d3490463-Reviews-Awesome_Thai_Barnes-London_England.html,awesomethai#barnes
108,4.5,226 ,4.5,5.0,4.5,,?15 - ?22,"Vegetarian Friendly, Vegan Options, Halal, Gluten Free Options","Indian, Asian, Nepali",,Nepal Authentic Dining,https://www.tripadvisor.com/Restaurant_Review-g186338-d2013731-Reviews-Nepal_Authentic_Dining-London_England.html,nepalauthenticdining
109,4.5,529 ,4.5,4.5,4.5,,,"Lunch, Dinner","Indian, Asian","Vegetarian Friendly, Vegan Options, Gluten Free Options",Anjanaas,https://www.tripadvisor.com/Restaurant_Review-g186338-d2699789-Reviews-Anjanaas-London_England.html,anjanaas
110,5.0,674 ,5.0,5.0,4.5,Tangia is an independent family run trendy restaurant serving Moroccan and Mediterranean dishes with a modern gourmet twist. We also have seating for those seeking a coffee or just a drink from the ba,?12 - ?30,"Vegetarian Friendly, Vegan Options, Halal",Mediterranean,"Delivery, Takeout, Seating, Street Parking, Free off-street parking, Highchairs Available, Serves Alcohol, Full Bar, Wine and Beer, Accepts Mastercard, Accepts Visa, Free Wifi, Reservations, Wheelchai",taNgia,https://www.tripadvisor.com/Restaurant_Review-g186338-d7391044-Reviews-TaNgia-London_England.html,tangia
111,5.0,226 ,4.5,5.0,5.0,"Fantastic New Lebanese ""excellent"" dishes are presented with ""understated flair"" so ""Delicious"" not shy to ask for more. Your choice of wraps and salads create your own dish,""Eat how you like not how ",?6 - ?30,"Vegetarian Friendly, Vegan Options, Halal, Gluten Free Options","Lebanese, Middle Eastern, Mediterranean","Takeout, Reservations, Outdoor Seating, Seating, Street Parking, Television, Accepts American Express, Accepts Mastercard, Accepts Visa, Digital Payments, Free Wifi, Wheelchair Accessible, Accepts Cre",Wassouf Lounge,https://www.tripadvisor.com/Restaurant_Review-g186338-d6619139-Reviews-Wassouf_Lounge-London_England.html,wassouflounge
112,4.5,1128 ,4.5,4.5,4.5,Your local for fine Indian cuisine in west Kensington. Find the best Indian food in the town. Order online or just walk in to collect your food.,,"Lunch, Dinner, Late Night","Vegetarian Friendly, Vegan Options, Halal, Gluten Free Options","Delivery, Takeout, Reservations, Seating, Wheelchair Accessible, Accepts Mastercard, Accepts Visa, Cash Only, Accepts Credit Cards, Table Service, BYOB","Indian Express, West Kensington",https://www.tripadvisor.com/Restaurant_Review-g186338-d4002133-Reviews-Indian_Express_West_Kensington-London_England.html,"indianexpress,westkensington"
113,5.0,1454 ,4.5,5.0,5.0,,?5 - ?24,"Vegetarian Friendly, Vegan Options, Gluten Free Options","Italian, Pizza, Mediterranean, European",,Fiddieâs Italian Kitchen,https://www.tripadvisor.com/Restaurant_Review-g186338-d8734724-Reviews-Fiddie_s_Italian_Kitchen-London_England.html,fiddieâsitaliankitchen
114,5.0,238 ,5.0,5.0,5.0,,,"Lunch, Dinner","Italian, Pizza, Neapolitan, Campania, Southern-Italian","Vegetarian Friendly, Vegan Options, Gluten Free Options",Mio Restaurant,https://www.tripadvisor.com/Restaurant_Review-g186338-d11881554-Reviews-Mio_Restaurant-London_England.html,miorestaurant
115,5.0,326 ,4.5,4.5,4.5,,?10 - ?25,"Vegetarian Friendly, Vegan Options, Halal, Gluten Free Options","Mediterranean, Seafood, Middle Eastern, International",,Filika Restaurant,https://www.tripadvisor.com/Restaurant_Review-g186338-d13565344-Reviews-Filika_Restaurant-London_England.html,filikarestaurant
116,5.0,465 ,5.0,5.0,4.5,"Morso is a modern community-centred restaurant and bar, serving hand-crafted fresh pasta and small plates of Italian bites alongside innovative Grappa-based cocktails. We take inspiration from Italian",?12 - ?30,"Vegetarian Friendly, Gluten Free Options, Vegan Options","Italian, Bar, Mediterranean, European, Contemporary","Gift Cards Available, Takeout, Reservations, Outdoor Seating, Seating, Highchairs Available, Serves Alcohol, Full Bar, Free Wifi, Accepts Credit Cards, Table Service, Street Parking, Wine and Beer, Di",Morso Abbey Road,https://www.tripadvisor.com/Restaurant_Review-g186338-d14190070-Reviews-Morso_Abbey_Road-London_England.html,morsoabbeyroad
118,5.0,606 ,5.0,5.0,4.5,,?30 - ?60,"Vegetarian Friendly, Vegan Options, Gluten Free Options",Sushi,,Rock Star Sushi Bar,https://www.tripadvisor.com/Restaurant_Review-g186338-d6575472-Reviews-Rock_Star_Sushi_Bar-London_England.html,rockstarsushibar
120,5.0,295 ,5.0,5.0,4.5,"The Great Chase is a multi award winning , fine eating, ALCOHOL FREE RESTAURANT like no other. Here, passion for sublime cuisine meets the desire for a wonderful ambience within which to enjoy it. Our",,"Lunch, Dinner","Vegetarian Friendly, Vegan Options, Halal, Gluten Free Options","Reservations, Seating, Accepts Credit Cards, Table Service, Gift Cards Available",The Great Chase London,https://www.tripadvisor.com/Restaurant_Review-g186338-d12697784-Reviews-The_Great_Chase_London-London_England.html,thegreatchaselondon
121,5.0,180 ,5.0,5.0,4.5,,?3 - ?14,"Vegetarian Friendly, Vegan Options, Gluten Free Options","Cafe, European, British, Healthy",,Cafe Van Gogh,https://www.tripadvisor.com/Restaurant_Review-g186338-d10191943-Reviews-Cafe_Van_Gogh-London_England.html,cafevangogh
122,4.5,971 ,4.5,4.5,4.0,,?30 - ?60,Gluten Free Options,"Steakhouse, Grill, Argentinean",,Buenos Aires Argentine Steakhouse,https://www.tripadvisor.com/Restaurant_Review-g186338-d4242819-Reviews-Buenos_Aires_Argentine_Steakhouse-London_England.html,buenosairesargentinesteakhouse
123,4.5,304 ,4.5,5.0,4.5,"At Monkey Temple, we worship food. We believe food allows people to share, connect and stay healthy in their mind, body and spirit. Choosing only the freshest, seasonal and authentic ingredients, our ",?12 - ?30,"Vegetarian Friendly, Vegan Options, Gluten Free Options","Indian, Asian, Nepali","Outdoor Seating, Seating, Highchairs Available, Serves Alcohol, Full Bar, Accepts American Express, Accepts Mastercard, Accepts Visa, Free Wifi, Delivery, Takeout, Reservations, Street Parking, Wheelc",Monkey Temple,https://www.tripadvisor.com/Restaurant_Review-g186338-d6759550-Reviews-Monkey_Temple-London_England.html,monkeytemple
124,5.0,212 ,5.0,5.0,5.0,,?24 - ?42,"Vegetarian Friendly, Vegan Options, Gluten Free Options","Indian, Asian",,Shahi Pakwaan,https://www.tripadvisor.com/Restaurant_Review-g186338-d12116313-Reviews-Shahi_Pakwaan-London_England.html,shahipakwaan
125,4.5,1100 ,4.5,4.5,4.0,,?22 - ?35,"Vegetarian Friendly, Vegan Options, Gluten Free Options","Indian, Asian",,Memories of India Kensington,https://www.tripadvisor.com/Restaurant_Review-g186338-d1017393-Reviews-Memories_of_India_Kensington-London_England.html,memoriesofindiakensington
126,5.0,228 ,5.0,5.0,4.5,,,"Breakfast, Lunch, Dinner","Italian, Mediterranean, European","Vegetarian Friendly, Vegan Options, Gluten Free Options",Fine Foods,https://www.tripadvisor.com/Restaurant_Review-g186338-d7015028-Reviews-Fine_Foods-London_England.html,finefoods
127,5.0,255 ,5.0,5.0,4.5,,,"Drinks, Lunch, Dinner","Italian, Pizza, Mediterranean, European, Sicilian, Southern-Italian","Vegetarian Friendly, Vegan Options, Gluten Free Options",Tomo Pizzeria & Restaurant,https://www.tripadvisor.com/Restaurant_Review-g186338-d1801860-Reviews-Tomo_Pizzeria_Restaurant-London_England.html,tomopizzeria&restaurant
128,5.0,246 ,4.5,5.0,4.5,,?12 - ?38,"Vegetarian Friendly, Vegan Options, Gluten Free Options","British, Healthy, European",,Home SW15,https://www.tripadvisor.com/Restaurant_Review-g186338-d12962245-Reviews-Home_SW15-London_England.html,homesw15
129,5.0,288 ,4.5,4.5,4.5,Treves & Hyde is a carefully thought out space that has a welcoming feel where you sit and watch the world go by through their floor to ceiling window or sit at the bar sipping cocktails. Open for bre,?9 - ?59,"Vegetarian Friendly, Vegan Options, Gluten Free Options","European, British, Grill, Healthy","Takeout, Reservations, Seating, Highchairs Available, Serves Alcohol, Full Bar, Accepts American Express, Accepts Mastercard, Accepts Visa, Free Wifi, Accepts Credit Cards, Table Service, Outdoor Seat",Treves & Hyde,https://www.tripadvisor.com/Restaurant_Review-g186338-d11768375-Reviews-Treves_Hyde-London_England.html,treves&hyde
130,5.0,2405 ,4.5,4.5,4.0,,?20 - ?50,"Vegetarian Friendly, Vegan Options, Gluten Free Options","American, British, Canadian, Central American",,Hard Rock Cafe Piccadilly Circus,https://www.tripadvisor.com/Restaurant_Review-g186338-d17728520-Reviews-Hard_Rock_Cafe_Piccadilly_Circus-London_England.html,hardrockcafepiccadillycircus
132,5.0,120 ,5.0,5.0,4.5,,?15 - ?50,"Vegetarian Friendly, Vegan Options, Gluten Free Options","Fusion, International",,The Gojk,https://www.tripadvisor.com/Restaurant_Review-g186338-d13457082-Reviews-The_Gojk-London_England.html,thegojk
133,4.5,264 ,4.5,4.5,4.5,,?10 - ?25,"Vegetarian Friendly, Vegan Options, Halal, Gluten Free Options","Mediterranean, Barbecue, Turkish, Middle Eastern",,Cirrik 19 Numara Bos,https://www.tripadvisor.com/Restaurant_Review-g186338-d730384-Reviews-Cirrik_19_Numara_Bos-London_England.html,cirrik19numarabos
134,4.5,3936 ,4.5,4.5,4.0,"The third restaurant to be opened by acclaimed chef brothers Chris and Jeff Galvin, La Chapelle has been consistently praised, winning no less than 8 top restaurant awards in its first year, including",?66 - ?180,"Vegetarian Friendly, Vegan Options, Gluten Free Options",French,"Reservations, Private Dining, Seating, Wheelchair Accessible, Serves Alcohol, Full Bar, Free Wifi, Accepts Credit Cards, Table Service, Live Music, Jazz Bar, Gift Cards Available",Galvin La Chapelle,https://www.tripadvisor.com/Restaurant_Review-g186338-d1645957-Reviews-Galvin_La_Chapelle-London_England.html,galvinlachapelle
135,4.5,1205 ,4.5,4.5,4.0,,,"Lunch, Dinner, Brunch, Late Night","Italian, Pizza, Mediterranean, European","Vegetarian Friendly, Vegan Options, Gluten Free Options",Sergio's,https://www.tripadvisor.com/Restaurant_Review-g186338-d1044630-Reviews-Sergio_s-London_England.html,sergios
137,4.5,1775 ,4.5,4.5,4.5,"Chops and steaks from award winning butcher and farmer Philip Warren in Cornwall, all cooked over a real charcoal grill alongside seasonal sides. Wine on tap and cocktails for a fiver as well as a Sun",?18 - ?36,Gluten Free Options,"Steakhouse, Barbecue, British","Highchairs Available, Serves Alcohol, Full Bar, Accepts American Express, Accepts Mastercard, Accepts Visa, Free Wifi, Reservations, Seating, Accepts Credit Cards, Table Service",Blacklock Soho,https://www.tripadvisor.com/Restaurant_Review-g186338-d7707197-Reviews-Blacklock_Soho-London_England.html,blacklocksoho
138,5.0,317 ,4.5,5.0,4.5,,?18 - ?108,"Vegetarian Friendly, Vegan Options, Gluten Free Options","Chinese, Taiwanese, Street Food",,Chojo,https://www.tripadvisor.com/Restaurant_Review-g186338-d15057719-Reviews-Chojo-London_England.html,chojo
139,5.0,299 ,4.5,4.5,4.5,,?5 - ?14,"Lunch, Dinner, Brunch, Drinks","Vegetarian Friendly, Vegan Options",,Limin',https://www.tripadvisor.com/Restaurant_Review-g186338-d15266279-Reviews-Limin-London_England.html,limin
141,4.5,419 ,4.5,4.5,4.5,,?15 - ?19,"Vegetarian Friendly, Vegan Options, Halal, Gluten Free Options","Indian, Asian",,Hazara,https://www.tripadvisor.com/Restaurant_Review-g186338-d3386941-Reviews-Hazara-London_England.html,hazara
142,4.5,469 ,4.5,4.5,4.5,,?14 - ?28,"Vegetarian Friendly, Vegan Options, Gluten Free Options","Italian, Pizza, European, Neapolitan, Campania, Southern-Italian",,Caminata,https://www.tripadvisor.com/Restaurant_Review-g186338-d2008532-Reviews-Caminata-London_England.html,caminata
144,4.5,202 ,5.0,5.0,4.5,,,"Lunch, Dinner, Drinks","British, European","Vegetarian Friendly, Vegan Options, Gluten Free Options",Sam's Riverside,https://www.tripadvisor.com/Restaurant_Review-g186338-d19273952-Reviews-Sam_s_Riverside-London_England.html,samsriverside
146,4.5,424 ,4.0,4.0,4.0,"Since we opened, our focus and aim has been to provide quality authentic Italian food, along with a fantastic customer service that you canÃÂ¢ÃÂÃÂt help notice from the moment you enter our doors",?8 - ?19,"Gluten Free Options, Vegetarian Friendly, Vegan Options","Italian, Pizza, Seafood, Mediterranean, European, Tuscan, Romana, Lazio, Sicilian, Central-Italian, Southern-Italian","Delivery, Takeout, Reservations, Outdoor Seating, Seating, Highchairs Available, Wheelchair Accessible, Serves Alcohol, Full Bar, Free Wifi, Table Service",Venerdi,https://www.tripadvisor.com/Restaurant_Review-g186338-d3961550-Reviews-Venerdi-London_England.html,venerdi
147,4.5,1136 ,4.5,4.5,4.0,"Located at JW Marriott Grosvenor House London in London, United Kingdom, JW Steakhouse has firmly established itself as a leading American Steakhouse on the Mayfair dining scene. Featuring succulent U",?27 - ?65,"Vegetarian Friendly, Gluten Free Options","American, Steakhouse, British","Reservations, Outdoor Seating, Private Dining, Seating, Parking Available, Highchairs Available, Wheelchair Accessible, Serves Alcohol, Full Bar, Free Wifi, Accepts Credit Cards, Table Service, Gift C",JW Steakhouse,https://www.tripadvisor.com/Restaurant_Review-g186338-d1785869-Reviews-JW_Steakhouse-London_England.html,jwsteakhouse
148,4.5,339 ,4.5,4.5,5.0,,?18 - ?37,"Vegetarian Friendly, Vegan Options, Gluten Free Options","European, British, International, Contemporary",,"The Vincent Rooms Brasserie, Bar & Escoffier Restaurant",https://www.tripadvisor.com/Restaurant_Review-g186338-d2441081-Reviews-The_Vincent_Rooms_Brasserie_Bar_Escoffier_Restaurant-London_England.html,"thevincentroomsbrasserie,bar&escoffierrestaurant"
149,4.5,2404 ,4.5,4.5,4.0,,,"Lunch, Dinner, Late Night",Indian,"Vegetarian Friendly, Vegan Options, Gluten Free Options",Little India,https://www.tripadvisor.com/Restaurant_Review-g186338-d1016157-Reviews-Little_India-London_England.html,littleindia
150,4.5,206 ,5.0,5.0,5.0,,,"Breakfast, Lunch, Brunch","Cafe, European, British","Vegetarian Friendly, Vegan Options, Gluten Free Options",Fast Break,https://www.tripadvisor.com/Restaurant_Review-g186338-d12246210-Reviews-Fast_Break-London_England.html,fastbreak
152,4.5,880 ,4.5,4.5,4.5,,?24 - ?36,"Vegetarian Friendly, Vegan Options, Gluten Free Options","Indian, Asian, Healthy",,Palms of Goa,https://www.tripadvisor.com/Restaurant_Review-g186338-d2154460-Reviews-Palms_of_Goa-London_England.html,palmsofgoa
153,5.0,375 ,4.5,5.0,4.5,,?34 - ?72,"Vegetarian Friendly, Vegan Options, Gluten Free Options","European, British",,Peninsula Restaurant,https://www.tripadvisor.com/Restaurant_Review-g186338-d10148721-Reviews-Peninsula_Restaurant-London_England.html,peninsularestaurant
154,4.5,2301 ,4.5,4.5,4.0,"At Steak & Co. Quality runs through our veins, we are so proud of everything we do, we have our logo etched into the restaurants nuts and bolts, stamped onto our butter lids and our training manuals d",,"Lunch, Dinner, Late Night",Gluten Free Options,"Reservations, Outdoor Seating, Seating, Highchairs Available, Wheelchair Accessible, Serves Alcohol, Full Bar, Free Wifi, Accepts Credit Cards, Table Service, Gift Cards Available",Steak & Co. Garrick Street Covent Garden,https://www.tripadvisor.com/Restaurant_Review-g186338-d3639543-Reviews-Steak_Co_Garrick_Street_Covent_Garden-London_England.html,steak&co.garrickstreetcoventgarden
155,4.5,741 ,5.0,5.0,4.5,,?60 - ?108,"Vegetarian Friendly, Vegan Options, Gluten Free Options",British,,Ormer Mayfair,https://www.tripadvisor.com/Restaurant_Review-g186338-d10682050-Reviews-Ormer_Mayfair-London_England.html,ormermayfair
156,4.5,277 ,4.5,4.5,4.5,,,"Lunch, Dinner","Italian, Mediterranean, European","Vegetarian Friendly, Vegan Options, Gluten Free Options",Pentolina,https://www.tripadvisor.com/Restaurant_Review-g186338-d2256999-Reviews-Pentolina-London_England.html,pentolina
158,4.5,322 ,4.5,4.5,4.5,"Azou is one of the most inviting restaurants on Chiswick's King Street. Marking it out most is the high-quality North African food offering fine flavours from Morocco, Tunisia and Algeria. The menu re",?19 - ?42,"Vegetarian Friendly, Vegan Options, Halal, Gluten Free Options","African, Moroccan, Mediterranean, Middle Eastern, Algerian","Takeout, Wheelchair Accessible, Reservations, Seating, Serves Alcohol, Wine and Beer, Accepts American Express, Accepts Mastercard, Accepts Visa, Free Wifi, Accepts Credit Cards, Table Service",Azou,https://www.tripadvisor.com/Restaurant_Review-g186338-d698082-Reviews-Azou-London_England.html,azou
160,4.5,171 ,4.5,5.0,5.0,,,"Breakfast, Lunch, Dinner, Brunch","Cafe, British","Vegetarian Friendly, Vegan Options, Gluten Free Options",Little Wonder Cafe,https://www.tripadvisor.com/Restaurant_Review-g186338-d3343549-Reviews-Little_Wonder_Cafe-London_England.html,littlewondercafe
161,4.5,618 ,4.5,4.5,4.0,,?2 - ?38,"Vegetarian Friendly, Vegan Options, Gluten Free Options","Bar, Barbecue, British, Pub",,Lord Wargrave,https://www.tripadvisor.com/Restaurant_Review-g186338-d1044772-Reviews-Lord_Wargrave-London_England.html,lordwargrave
162,4.5,1512 ,4.5,4.5,4.5,"Located a few minutes walk from Covent Garden. Da Mario is a small Italian family Restaurant in London serving fresh made pasta, fish, seafood, meat dishes and home-made desserts and some of the fines",?30 - ?60,"Vegetarian Friendly, Vegan Options, Gluten Free Options","Italian, Mediterranean, European, Healthy","Outdoor Seating, Reservations, Seating, Serves Alcohol, Full Bar, Accepts American Express, Accepts Mastercard, Accepts Visa, Accepts Credit Cards, Table Service, Street Parking, Wine and Beer, Family",Da Mario Covent Garden,https://www.tripadvisor.com/Restaurant_Review-g186338-d718583-Reviews-Da_Mario_Covent_Garden-London_England.html,damariocoventgarden
163,4.5,205 ,4.5,5.0,4.5,,?7 - ?44,"Vegetarian Friendly, Vegan Options, Gluten Free Options","Mediterranean, Middle Eastern, Egyptian",,Alexandrie Restaurant,https://www.tripadvisor.com/Restaurant_Review-g186338-d7589353-Reviews-Alexandrie_Restaurant-London_England.html,alexandrierestaurant
164,5.0,108 ,4.5,5.0,4.5,,?18 - ?30,"Vegetarian Friendly, Vegan Options, Gluten Free Options","Indian, Asian",,Kamasutra Indian Restaurant,https://www.tripadvisor.com/Restaurant_Review-g186338-d16801424-Reviews-Kamasutra_Indian_Restaurant-London_England.html,kamasutraindianrestaurant
165,4.5,418 ,4.5,4.5,4.5,,?5 - ?25,"Vegetarian Friendly, Vegan Options, Gluten Free Options","Italian, Mediterranean, Tuscan, Central-Italian, Northern-Italian, Southern-Italian",,Grato,https://www.tripadvisor.com/Restaurant_Review-g186338-d17385148-Reviews-Grato-London_England.html,grato
166,4.5,615 ,5.0,4.5,4.5,,,"Lunch, Dinner","British, Contemporary, European","Vegetarian Friendly, Vegan Options, Gluten Free Options",Frog By Adam Handling,https://www.tripadvisor.com/Restaurant_Review-g186338-d12883339-Reviews-Frog_By_Adam_Handling-London_England.html,frogbyadamhandling
167,4.5,368 ,4.5,4.5,4.5,,?11 - ?19,"Vegetarian Friendly, Vegan Options, Gluten Free Options","Bar, British, Pub",,The Peasant,https://www.tripadvisor.com/Restaurant_Review-g186338-d720286-Reviews-The_Peasant-London_England.html,thepeasant
169,4.5,277 ,5.0,4.5,4.5,,,"Lunch, Dinner, Drinks","Pizza, Neapolitan, Campania, Southern-Italian, Italian","Vegetarian Friendly, Vegan Options",Rudy's Neapolitan Pizza,https://www.tripadvisor.com/Restaurant_Review-g186338-d23432728-Reviews-Rudy_s_Neapolitan_Pizza-London_England.html,rudysneapolitanpizza
170,4.5,1088 ,5.0,5.0,4.5,,,"Lunch, Dinner, Brunch","Seafood, British","Vegetarian Friendly, Gluten Free Options",Fishers Restaurant & Takeaway,https://www.tripadvisor.com/Restaurant_Review-g186338-d3515065-Reviews-Fishers_Restaurant_Takeaway-London_England.html,fishersrestaurant&takeaway
171,4.5,789 ,4.5,4.0,4.0,"As an authentic Italian restaurant, we are pleased to take our place among the great restaurants in Canary Wharf, London. At Capeesh we do things differently. We are one of the finest restaurants in C",?5 - ?100,"Vegetarian Friendly, Vegan Options, Gluten Free Options","Italian, Pizza","Delivery, Takeout, Reservations, Outdoor Seating, Seating, Street Parking, Highchairs Available, Wheelchair Accessible, Serves Alcohol, Full Bar, Digital Payments, Free Wifi, Accepts Credit Cards, Tab",Capeesh,https://www.tripadvisor.com/Restaurant_Review-g186338-d13001816-Reviews-Capeesh-London_England.html,capeesh
172,4.5,208 ,4.5,4.5,4.5,,?2 - ?30,"Vegetarian Friendly, Vegan Options, Gluten Free Options","Cafe, European",,La Piccola Deli Pasticceria,https://www.tripadvisor.com/Restaurant_Review-g186338-d1316717-Reviews-La_Piccola_Deli_Pasticceria-London_England.html,lapiccoladelipasticceria
173,4.5,1549 ,4.5,5.0,4.0,Relaxed luxury in the heart of Leicester Square. Our ethos embraces the art of shared dining with a sophisticated yet unassuming setting. Leicester Square Kitchen will showcase an exquisite selection ,?20 - ?55,"Vegetarian Friendly, Vegan Options, Gluten Free Options","Mexican, Peruvian, Healthy","Reservations, Outdoor Seating, Seating, Highchairs Available, Wheelchair Accessible, Serves Alcohol, Full Bar, Accepts American Express, Accepts Mastercard, Accepts Visa, Free Wifi, Accepts Credit Car",Leicester Square Kitchen,https://www.tripadvisor.com/Restaurant_Review-g186338-d12392823-Reviews-Leicester_Square_Kitchen-London_England.html,leicestersquarekitchen
174,4.5,249 ,4.5,5.0,4.5,,,"Breakfast, Lunch, Brunch, Dinner","British, European","Vegetarian Friendly, Vegan Options, Gluten Free Options",Sunday Champagne Brunch at The Landmark London,https://www.tripadvisor.com/Restaurant_Review-g186338-d3869685-Reviews-Sunday_Champagne_Brunch_at_The_Landmark_London-London_England.html,sundaychampagnebrunchatthelandmarklondon
175,4.5,590 ,4.5,4.5,4.5,,?18 - ?56,"Vegetarian Friendly, Vegan Options, Gluten Free Options","Wine Bar, French, European",,Chez Elles Bistroquet,https://www.tripadvisor.com/Restaurant_Review-g186338-d3296245-Reviews-Chez_Elles_Bistroquet-London_England.html,chezellesbistroquet
176,4.5,548 ,4.5,4.0,4.0,,?10 - ?18,"Vegetarian Friendly, Vegan Options, Halal, Kosher, Gluten Free Options","International, Healthy",,Wulf & Lamb - Chelsea,https://www.tripadvisor.com/Restaurant_Review-g186338-d13006972-Reviews-Wulf_Lamb_Chelsea-London_England.html,wulf&lamb-chelsea
177,4.5,1258 ,4.5,4.5,4.0,,,"Lunch, Dinner, Brunch","Grill, Diner, Steakhouse, British","Vegetarian Friendly, Gluten Free Options",Steak & Co Piccadilly Circus,https://www.tripadvisor.com/Restaurant_Review-g186338-d11798530-Reviews-Steak_Co_Piccadilly_Circus-London_England.html,steak&copiccadillycircus
178,4.5,217 ,5.0,4.5,4.5,,?5 - ?18,"Vegetarian Friendly, Vegan Options, Gluten Free Options","European, British, Healthy, Cafe",,Apres Food Co.,https://www.tripadvisor.com/Restaurant_Review-g186338-d12029806-Reviews-Apres_Food_Co-London_England.html,apresfoodco.
179,4.5,1238 ,4.5,4.5,4.5,,?50 - ?100,"Vegetarian Friendly, Vegan Options, Gluten Free Options","French, European",,Bel Canto Restaurant,https://www.tripadvisor.com/Restaurant_Review-g186338-d1367676-Reviews-Bel_Canto_Restaurant-London_England.html,belcantorestaurant
180,4.5,980 ,4.5,4.5,4.5,,?14 - ?54,"Vegetarian Friendly, Vegan Options, Halal, Gluten Free Options","Israeli, Mediterranean, Healthy, Fusion",,CERU,https://www.tripadvisor.com/Restaurant_Review-g186338-d11894306-Reviews-CERU-London_England.html,ceru
181,4.5,898 ,4.5,4.5,4.5,"Set in LondonÃÂ¢ÃÂÃÂs most exclusive neighbourhood, May Fair Kitchen offers a menu of contemporary Italian and Spanish small plates, entrÃÂÃÂ©es and specialities, in addition to signature dish",?30 - ?84,"Vegetarian Friendly, Vegan Options, Gluten Free Options","European, Southern-Italian, Catalan","Reservations, Private Dining, Seating, Highchairs Available, Wheelchair Accessible, Serves Alcohol, Full Bar, Accepts American Express, Accepts Mastercard, Accepts Visa, Free Wifi, Accepts Credit Card",May Fair Kitchen,https://www.tripadvisor.com/Restaurant_Review-g186338-d6612075-Reviews-May_Fair_Kitchen-London_England.html,mayfairkitchen
182,4.5,387 ,4.5,4.5,4.5,,?12 - ?18,"Vegetarian Friendly, Vegan Options, Gluten Free Options","Pizza, Mediterranean, Neapolitan, Campania, Southern-Italian",,Mangia Bene,https://www.tripadvisor.com/Restaurant_Review-g186338-d7621391-Reviews-Mangia_Bene-London_England.html,mangiabene
183,4.5,342 ,4.5,5.0,4.5,,?22 - ?60,"Vegetarian Friendly, Vegan Options, Gluten Free Options","Japanese, Mediterranean, European, Central-Italian",,Bloomsbury Street Kitchen,https://www.tripadvisor.com/Restaurant_Review-g186338-d17763477-Reviews-Bloomsbury_Street_Kitchen-London_England.html,bloomsburystreetkitchen
184,4.5,363 ,4.5,4.5,4.5,"Lovers of great food, fine wine and good music have grown fond of LondonÃÂ¢ÃÂÃÂs very own 28ÃÂÃÂºÃÂ¢ÃÂÃÂ50ÃÂÃÂº group. Covent GardenÃÂ¢ÃÂÃÂs brand new 28ÃÂÃÂ°- 50ÃÂÃÂ° is th",?26 - ?40,"Vegetarian Friendly, Vegan Options, Gluten Free Options","European, Wine Bar, Central European, British","Reservations, Private Dining, Seating, Wheelchair Accessible, Serves Alcohol, Full Bar, Free Wifi, Accepts Credit Cards, Table Service, Wine and Beer, Family style, Gift Cards Available",28-50 Wine Bar & Kitchen Covent Garden,https://www.tripadvisor.com/Restaurant_Review-g186338-d19398383-Reviews-28_50_Wine_Bar_Kitchen_Covent_Garden-London_England.html,28-50winebar&kitchencoventgarden
185,4.5,529 ,4.0,4.0,4.0,,?18 - ?36,"Vegetarian Friendly, Vegan Options, Gluten Free Options",Steakhouse,,Miller & Carter,https://www.tripadvisor.com/Restaurant_Review-g186338-d12873054-Reviews-Miller_Carter-London_England.html,miller&carter
186,4.5,583 ,4.0,3.5,3.5,"Our Italian Restaurant in Broadway Market, Hackney offers a menu with a combination of classic Italian dishes and contemporary twists. From great ÃÂ¢ÃÂÃÂantipastiÃÂ¢ÃÂÃÂ to the home made ÃÂ",?6 - ?18,"Vegetarian Friendly, Vegan Options, Gluten Free Options","Italian, Pizza, Mediterranean, European, Tuscan, Romana, Lazio, Sicilian, Sardinian, Central-Italian, Southern-Italian","Delivery, Takeout, Reservations, Outdoor Seating, Seating, Street Parking, Highchairs Available, Wheelchair Accessible, Serves Alcohol, Full Bar, Accepts Mastercard, Accepts Visa, Cash Only, Free Wifi",Bella Vita,https://www.tripadvisor.com/Restaurant_Review-g186338-d3681920-Reviews-Bella_Vita-London_England.html,bellavita
187,4.5,939 ,4.5,4.5,4.5,,?72 - ?108,"Vegetarian Friendly, Vegan Options, Gluten Free Options","European, British",,AW Restaurant,https://www.tripadvisor.com/Restaurant_Review-g186338-d2433450-Reviews-AW_Restaurant-London_England.html,awrestaurant
188,4.5,367 ,4.0,4.5,4.0,,,"Breakfast, Lunch, Dinner, Brunch, Drinks","Bar, British, Gastropub","Vegetarian Friendly, Vegan Options, Gluten Free Options",Revolution Putney,https://www.tripadvisor.com/Restaurant_Review-g186338-d13313894-Reviews-Revolution_Putney-London_England.html,revolutionputney
189,4.5,570 ,4.5,4.5,4.5,"Pane Cunzato - Pizza & more is a new Italian Restaurant where you can taste typical dishes of southern Italy, such as the Pane Cunzato, a base of homemade bread with organic flour and seasoned with fr",?12 - ?18,"Vegetarian Friendly, Vegan Options, Gluten Free Options","Italian, Pizza, Mediterranean, European, Sicilian, Southern-Italian","Delivery, Takeout, Reservations, Outdoor Seating, Seating, Highchairs Available, Wheelchair Accessible, Serves Alcohol, Wine and Beer, Free Wifi, Accepts Credit Cards, Table Service",Pane Cunzato - Pizza & more,https://www.tripadvisor.com/Restaurant_Review-g186338-d13456962-Reviews-Pane_Cunzato_Pizza_more-London_England.html,panecunzato-pizza&more
190,4.5,234 ,5.0,4.5,4.5,,?23 - ?64,"Vegetarian Friendly, Gluten Free Options","European, British",,Anglo,https://www.tripadvisor.com/Restaurant_Review-g186338-d10190924-Reviews-Anglo-London_England.html,anglo
192,4.5,326 ,4.5,4.5,4.5,,,"Lunch, Dinner, Brunch","European, Contemporary, Fusion","Vegetarian Friendly, Vegan Options, Gluten Free Options",Salut!,https://www.tripadvisor.com/Restaurant_Review-g186338-d9700191-Reviews-Salut-London_England.html,salut!
193,4.5,686 ,4.5,4.5,4.5,,?13 - ?36,"Vegetarian Friendly, Vegan Options, Gluten Free Options","Mediterranean, Turkish, Middle Eastern, Grill",,Midpoint Restaurant,https://www.tripadvisor.com/Restaurant_Review-g186338-d13559578-Reviews-Midpoint_Restaurant-London_England.html,midpointrestaurant
194,4.5,527 ,4.5,4.5,4.5,"Chops and steaks with seasonal sides, wine on tap and cocktails for a fiver. Our second restaurant, this time in the basement of an old electricity substation on the site of London's first ever meat m",?18 - ?36,Gluten Free Options,"Steakhouse, British, Grill","Reservations, Seating, Serves Alcohol, Full Bar, Free Wifi, Accepts Credit Cards, Table Service",Blacklock City,https://www.tripadvisor.com/Restaurant_Review-g186338-d12308526-Reviews-Blacklock_City-London_England.html,blacklockcity
195,4.5,326 ,5.0,4.5,4.5,,?19 - ?72,"Vegetarian Friendly, Vegan Options, Gluten Free Options","European, British, Welsh",,Tom Simmons - Tower Bridge,https://www.tripadvisor.com/Restaurant_Review-g186338-d12556244-Reviews-Tom_Simmons_Tower_Bridge-London_England.html,tomsimmons-towerbridge
196,4.0,650 ,3.5,3.5,3.5,"taste of india, we have a passion for making sure customers have an enjoyable time ÃÂ¢ÃÂÃÂ delicious genuine Indian food, and great staff. From our start in 2014, We unusually combine a panoramic",?22 - ?42,"Vegetarian Friendly, Vegan Options, Halal, Gluten Free Options",Indian,"Full Bar, Delivery, Takeout, Reservations, Buffet, Seating, Wheelchair Accessible, Serves Alcohol, Wine and Beer, Free Wifi, Table Service",Taste of India,https://www.tripadvisor.com/Restaurant_Review-g186338-d3701376-Reviews-Taste_of_India-London_England.html,tasteofindia
197,4.5,1236 ,4.5,4.5,4.0,"Dalloway Terrace is one of London's most popular outdoor, all day dining restaurants. Named after the eponymous character created by Virginia Woolf, an author whose name will forever be associated wit",?10 - ?30,"Vegetarian Friendly, Vegan Options, Gluten Free Options","European, British, Central European","Reservations, Outdoor Seating, Private Dining, Seating, Highchairs Available, Wheelchair Accessible, Serves Alcohol, Full Bar, Wine and Beer, Accepts American Express, Accepts Mastercard, Accepts Visa",Dalloway Terrace,https://www.tripadvisor.com/Restaurant_Review-g186338-d10027950-Reviews-Dalloway_Terrace-London_England.html,dallowayterrace
198,4.5,336 ,4.5,4.5,4.5,,?24 - ?36,"Vegetarian Friendly, Vegan Options, Halal, Gluten Free Options","Indian, Asian, Street Food",,Dhaba@49,https://www.tripadvisor.com/Restaurant_Review-g186338-d12926680-Reviews-Dhaba_49-London_England.html,dhaba@49
201,4.5,272 ,5.0,4.5,4.5,,?10 - ?50,"Vegetarian Friendly, Vegan Options, Gluten Free Options","Latin, Healthy, South American, Ecuadorean, Fusion",,El Inca Plebeyo,https://www.tripadvisor.com/Restaurant_Review-g186338-d8528939-Reviews-El_Inca_Plebeyo-London_England.html,elincaplebeyo
202,5.0,116 ,5.0,5.0,5.0,,,"Lunch, Dinner, Brunch","Spanish, Italian, Pizza, Mediterranean","Vegetarian Friendly, Vegan Options, Gluten Free Options",Volare,https://www.tripadvisor.com/Restaurant_Review-g186338-d9747239-Reviews-Volare-London_England.html,volare
203,4.5,389 ,5.0,5.0,4.5,,?12 - ?60,"Vegetarian Friendly, Vegan Options, Gluten Free Options","Seafood, Sushi, Grill",,Laurent at Cafe Royal,https://www.tripadvisor.com/Restaurant_Review-g186338-d14088539-Reviews-Laurent_at_Cafe_Royal-London_England.html,laurentatcaferoyal
204,4.5,1566 ,4.0,4.0,3.5,,?11 - ?45,"Vegetarian Friendly, Vegan Options, Halal, Gluten Free Options","Indian, Asian, Healthy",,Khan's of Kensington,https://www.tripadvisor.com/Restaurant_Review-g186338-d1016670-Reviews-Khan_s_of_Kensington-London_England.html,khansofkensington
206,4.5,1646 ,4.5,4.5,4.5,,?48 - ?68,"Vegetarian Friendly, Vegan Options, Gluten Free Options","French, European, British",,Chez Bruce,https://www.tripadvisor.com/Restaurant_Review-g186338-d718485-Reviews-Chez_Bruce-London_England.html,chezbruce
207,4.0,717 ,4.0,4.0,4.0,,?8 - ?19,"Vegetarian Friendly, Vegan Options, Gluten Free Options","Italian, Pizza, Mediterranean",,Bella Italia,https://www.tripadvisor.com/Restaurant_Review-g186338-d680416-Reviews-Bella_Italia-London_England.html,bellaitalia
209,4.0,951 ,4.0,4.0,3.5,"Your ticket to celebrating life the Latin American way with authentic Latin American food, cocktails & hospitality",?6 - ?19,"Vegetarian Friendly, Vegan Options, Gluten Free Options","Mexican, Brazilian, Latin","Reservations, Outdoor Seating, Seating, Highchairs Available, Wheelchair Accessible, Serves Alcohol, Full Bar, Free Wifi, Accepts Credit Cards, Table Service",Las Iguanas The O2,https://www.tripadvisor.com/Restaurant_Review-g186338-d815996-Reviews-Las_Iguanas_The_O2-London_England.html,lasiguanastheo2
210,4.5,532 ,4.5,5.0,4.5,,?12 - ?42,"Vegetarian Friendly, Vegan Options, Gluten Free Options","Italian, Mediterranean, European",,Luna Nuova,https://www.tripadvisor.com/Restaurant_Review-g186338-d2241866-Reviews-Luna_Nuova-London_England.html,lunanuova
212,5.0,133 ,4.5,4.5,4.5,"Welcome to RODFAI which means ""train"" in Thai. So hop on and hop off the RODFAI and let our food take you on a journey for a truly authentic Thai experience.",?10 - ?36,"Vegetarian Friendly, Vegan Options, Gluten Free Options","Asian, Thai","Delivery, Takeout, Reservations, Seating, Serves Alcohol, Table Service",Rodfai Thai street food,https://www.tripadvisor.com/Restaurant_Review-g186338-d15554750-Reviews-Rodfai_Thai_street_food-London_England.html,rodfaithaistreetfood
213,4.5,1118 ,4.5,4.5,4.5,La Trompette opened in 2001 and serves some of the best food in London but without the formality or prices associated with the capitalÃÂ¢ÃÂÃÂs top end establishments.We closed at the beginning of,?29 - ?59,"Vegetarian Friendly, Vegan Options, Gluten Free Options","French, European","Seating, Highchairs Available, Wheelchair Accessible, Serves Alcohol, Full Bar, Accepts American Express, Accepts Mastercard, Accepts Visa, Reservations, Private Dining, Accepts Credit Cards, Table Se",La Trompette,https://www.tripadvisor.com/Restaurant_Review-g186338-d719657-Reviews-La_Trompette-London_England.html,latrompette
214,4.5,190 ,4.5,4.5,4.5,We met Jolie earlier this year and we got obsessed and fascinated by her and her stories. So much so that we decided to open a ÃÂ¢ÃÂÃÂsalonÃÂ¢ÃÂÃÂ inspired by her travels and journeys in and,?24 - ?48,"Vegetarian Friendly, Vegan Options","French, European","Reservations, Seating, Serves Alcohol, Full Bar, Accepts Credit Cards, Table Service",Jolie Chelsea,https://www.tripadvisor.com/Restaurant_Review-g186338-d21231404-Reviews-Jolie_Chelsea-London_England.html,joliechelsea
215,4.5,173 ,5.0,4.5,4.5,"The Petite Coree is LondonÃÂ¢ÃÂÃÂs modern Korean food restaurant, located West Hampstead near the station. We offer a unique & modern Korean beverage & food experience.",?18 - ?36,"Vegetarian Friendly, Vegan Options, Gluten Free Options","Asian, Korean, Healthy","Outdoor Seating, Seating, Highchairs Available, Serves Alcohol, Wine and Beer, Accepts Mastercard, Accepts Visa, Free Wifi, Reservations, Accepts American Express, Accepts Credit Cards, Table Service",The Petite Coree,https://www.tripadvisor.com/Restaurant_Review-g186338-d7381901-Reviews-The_Petite_Coree-London_England.html,thepetitecoree
216,4.5,268 ,4.5,4.5,4.5,,?4 - ?10,"Vegetarian Friendly, Vegan Options, Gluten Free Options","Cafe, European, British, International",,New London Cafe,https://www.tripadvisor.com/Restaurant_Review-g186338-d6609446-Reviews-New_London_Cafe-London_England.html,newlondoncafe
217,4.5,290 ,5.0,4.5,4.5,,,"Lunch, Dinner",International,"Vegetarian Friendly, Vegan Options, Gluten Free Options",Scully St James's,https://www.tripadvisor.com/Restaurant_Review-g186338-d13698096-Reviews-Scully_St_James_s-London_England.html,scullystjamess
218,4.5,873 ,4.5,4.5,4.0,,,"Drinks, Lunch, Dinner","French, Bar, European, Wine Bar","Vegetarian Friendly, Vegan Options, Gluten Free Options",Boro Bistro,https://www.tripadvisor.com/Restaurant_Review-g186338-d6956842-Reviews-Boro_Bistro-London_England.html,borobistro
219,5.0,109 ,4.5,5.0,5.0,,?9 - ?15,"Vegetarian Friendly, Vegan Options","Italian, Pizza, European",,Hungry Turtle,https://www.tripadvisor.com/Restaurant_Review-g186338-d12958913-Reviews-Hungry_Turtle-London_England.html,hungryturtle
221,4.5,477 ,4.5,5.0,4.5,"Our wine bar offers an experience from afternoon to night, beginning with a seasonal lunch set menu rolling into an evening offer of a mix of mains, small plates and sharing platters, which are source",?7 - ?30,"Vegetarian Friendly, Gluten Free Options, Vegan Options","Mediterranean, European, Contemporary, Wine Bar","Gift Cards Available, Reservations, Private Dining, Seating, Wheelchair Accessible, Serves Alcohol, Full Bar, Free Wifi, Accepts Credit Cards, Table Service",Humble Grape,https://www.tripadvisor.com/Restaurant_Review-g186338-d10183312-Reviews-Humble_Grape-London_England.html,humblegrape
222,4.5,928 ,4.5,5.0,4.0,,?42 - ?180,"Vegetarian Friendly, Gluten Free Options","Seafood, European, British",,Wiltons,https://www.tripadvisor.com/Restaurant_Review-g186338-d720941-Reviews-Wiltons-London_England.html,wiltons
223,4.5,479 ,4.5,4.5,4.5,,,"Breakfast, Lunch, Brunch","Cafe, European, British","Vegetarian Friendly, Vegan Options, Gluten Free Options",Cappadocia,https://www.tripadvisor.com/Restaurant_Review-g186338-d6503304-Reviews-Cappadocia-London_England.html,cappadocia
224,4.5,268 ,4.5,4.5,4.5,,?3 - ?15,"Vegetarian Friendly, Vegan Options, Gluten Free Options","Italian, Cafe",,Arro Coffee - Bayswater,https://www.tripadvisor.com/Restaurant_Review-g186338-d11884748-Reviews-Arro_Coffee_Bayswater-London_England.html,arrocoffee-bayswater
225,4.5,275 ,5.0,5.0,4.5,,?36 - ?72,"Vegetarian Friendly, Vegan Options, Gluten Free Options","European, British",,Lorne Restaurant,https://www.tripadvisor.com/Restaurant_Review-g186338-d12113945-Reviews-Lorne_Restaurant-London_England.html,lornerestaurant
226,4.5,282 ,4.5,4.5,4.5,"Zala Grill, a Middle Eastern restaurant specializing in Levantine pitas, Hummus Plates with grilled meats and Shakshuka (Slow cooked tomato sauce with runny poached eggs) at The West Yard Camden Lock ",?7 - ?19,"Vegetarian Friendly, Vegan Options, Gluten Free Options","Mediterranean, Middle Eastern, Israeli","Delivery, Takeout, Seating, Serves Alcohol, Wine and Beer, Accepts American Express, Accepts Mastercard, Accepts Visa, Table Service, Outdoor Seating",Zala grill,https://www.tripadvisor.com/Restaurant_Review-g186338-d12375817-Reviews-Zala_grill-London_England.html,zalagrill
228,4.5,295 ,4.5,4.5,4.5,,,"Lunch, Dinner, Late Night","Italian, Pizza, Mediterranean, European","Vegetarian Friendly, Gluten Free Options, Vegan Options",Ciullosteria,https://www.tripadvisor.com/Restaurant_Review-g186338-d718523-Reviews-Ciullosteria-London_England.html,ciullosteria
230,4.5,881 ,4.5,4.5,4.5,,?25 - ?35,"Vegetarian Friendly, Vegan Options, Halal, Gluten Free Options","Mediterranean, European, Turkish, Middle Eastern",,Ishtar,https://www.tripadvisor.com/Restaurant_Review-g186338-d733567-Reviews-Ishtar-London_England.html,ishtar
231,4.5,1352 ,4.5,4.5,4.0,"Our Kitchens Are Evolving. As we prepare to reopen our doors, we are committed to giving our guests a remarkable dining experience. We have therefore made several enhancements to our menus and service",?24 - ?48,"Vegetarian Friendly, Vegan Options, Gluten Free Options","Italian, Peruvian, Mediterranean, European","Reservations, Seating, Highchairs Available, Wheelchair Accessible, Serves Alcohol, Full Bar, Accepts American Express, Accepts Mastercard, Accepts Visa, Free Wifi, Accepts Credit Cards, Table Service","Monmouth Kitchen, Covent Garden",https://www.tripadvisor.com/Restaurant_Review-g186338-d10771430-Reviews-Monmouth_Kitchen_Covent_Garden-London_England.html,"monmouthkitchen,coventgarden"
232,4.5,1360 ,4.0,4.0,4.0,MESTIZO is the concept of a group of MexicanÃÂ¢ÃÂÃÂs to bring to London a restaurant-bar offering a fine and authentic Mexican cuisine. The name MESTIZO suggests ÃÂ¢ÃÂÃÂmezclaÃÂ¢ÃÂÃÂ or,?14 - ?29,"Vegetarian Friendly, Vegan Options, Gluten Free Options","Mexican, Latin, Central American","Takeout, Reservations, Seating, Highchairs Available, Wheelchair Accessible, Serves Alcohol, Full Bar, Free Wifi, Accepts Credit Cards, Table Service, Gift Cards Available",Mestizo,https://www.tripadvisor.com/Restaurant_Review-g186338-d731546-Reviews-Mestizo-London_England.html,mestizo
233,4.5,1824 ,4.5,4.5,4.5,,?2 - ?8,Vegetarian Friendly,"Seafood, Fast Food, British",,Baileys Fish and Chips,https://www.tripadvisor.com/Restaurant_Review-g186338-d2719908-Reviews-Baileys_Fish_and_Chips-London_England.html,baileysfishandchips
235,5.0,119 ,4.5,4.5,4.5,,,"Breakfast, Lunch, Dinner, Brunch","Cafe, British","Vegetarian Friendly, Vegan Options",Double J's Cafe,https://www.tripadvisor.com/Restaurant_Review-g186338-d3479969-Reviews-Double_J_s_Cafe-London_England.html,doublejscafe
236,4.5,289 ,4.5,4.5,4.5,,?5 - ?13,"Vegetarian Friendly, Vegan Options, Gluten Free Options",Brazilian,,Senzala Creperie,https://www.tripadvisor.com/Restaurant_Review-g186338-d2697963-Reviews-Senzala_Creperie-London_England.html,senzalacreperie
237,4.5,1332 ,5.0,4.5,4.5,,?18 - ?36,Gluten Free Options,"Seafood, British, Healthy",,The Oystermen Seafood Bar & Kitchen,https://www.tripadvisor.com/Restaurant_Review-g186338-d12518072-Reviews-The_Oystermen_Seafood_Bar_Kitchen-London_England.html,theoystermenseafoodbar&kitchen
238,4.5,261 ,5.0,4.5,4.5,,,"Lunch, Dinner",Italian,"Vegetarian Friendly, Gluten Free Options",Cibo,https://www.tripadvisor.com/Restaurant_Review-g186338-d718512-Reviews-Cibo-London_England.html,cibo
239,4.5,501 ,4.5,4.5,4.5,,,"Lunch, Dinner","Italian, Neapolitan, Campania, Southern-Italian","Vegetarian Friendly, Vegan Options, Gluten Free Options",Pizza Sophia,https://www.tripadvisor.com/Restaurant_Review-g186338-d4925053-Reviews-Pizza_Sophia-London_England.html,pizzasophia
240,4.5,248 ,4.5,4.5,4.5,,?20 - ?75,"Vegetarian Friendly, Vegan Options, Gluten Free Options","Indian, Asian, Healthy",,Kahani,https://www.tripadvisor.com/Restaurant_Review-g186338-d15123539-Reviews-Kahani-London_England.html,kahani
241,4.5,240 ,4.5,4.5,4.5,,,"Brunch, Breakfast, Lunch, Dinner, Late Night, Drinks","Italian, Bar, Pizza, Mediterranean","Vegetarian Friendly, Vegan Options, Gluten Free Options",Salento,https://www.tripadvisor.com/Restaurant_Review-g186338-d5433381-Reviews-Salento-London_England.html,salento
242,4.5,730 ,4.5,4.5,4.0,,?30 - ?85,"Vegetarian Friendly, Vegan Options, Gluten Free Options","European, British",,Trinity Restaurant,https://www.tripadvisor.com/Restaurant_Review-g186338-d10410215-Reviews-Trinity_Restaurant-London_England.html,trinityrestaurant
243,4.5,522 ,4.5,4.0,4.0,"Everest Inn, Awarded for the best Nepalese Restaurant in the UK and winner of Asian Curry Awards and British Curry Award in the UK Your meal is prepared by award wining Chefs Shaker Pandey and his tea",?20 - ?49,"Vegetarian Friendly, Vegan Options, Gluten Free Options","Indian, Asian, Nepali","Delivery, Takeout, Reservations, Outdoor Seating, Seating, Highchairs Available, Wheelchair Accessible, Serves Alcohol, Full Bar, Free Wifi, Table Service",Everest Inn - Blackheath Village,https://www.tripadvisor.com/Restaurant_Review-g186338-d731449-Reviews-Everest_Inn_Blackheath_Village-London_England.html,everestinn-blackheathvillage
244,4.5,891 ,4.5,4.5,4.0,"Niche is an independent restaurant serving seasonally-inspired crowd pleasers with a modern twist. Based in Angel, Islington, our 'niche' is a 100% gluten-free menu where everything is prepared and co",?24 - ?36,"Vegetarian Friendly, Vegan Options, Gluten Free Options","Healthy, Contemporary","Seating, Highchairs Available, Wheelchair Accessible, Serves Alcohol, Full Bar, Accepts Mastercard, Accepts Visa, Free Wifi, Gift Cards Available, Reservations, Accepts Credit Cards, Table Service, Wi",Niche Gluten-free Dining,https://www.tripadvisor.com/Restaurant_Review-g186338-d4562632-Reviews-Niche_Gluten_free_Dining-London_England.html,nichegluten-freedining
245,4.5,1280 ,4.0,4.0,4.0,,?7 - ?17,"Vegetarian Friendly, Vegan Options, Gluten Free Options","Caribbean, Jamaican",,Turtle Bay - Brixton,https://www.tripadvisor.com/Restaurant_Review-g186338-d8719866-Reviews-Turtle_Bay_Brixton-London_England.html,turtlebay-brixton
248,4.5,318 ,4.5,4.5,4.5,,,"Lunch, Dinner, Brunch, Drinks","Bar, British, Pub, Contemporary","Vegetarian Friendly, Vegan Options, Gluten Free Options",Kings Stores,https://www.tripadvisor.com/Restaurant_Review-g186338-d3720830-Reviews-Kings_Stores-London_England.html,kingsstores
249,5.0,111 ,5.0,5.0,4.5,,,"Breakfast, Lunch, Brunch, Dinner","Cafe, Mediterranean, Middle Eastern, Israeli, Fast Food","Vegetarian Friendly, Vegan Options, Gluten Free Options",Falafel Feast,https://www.tripadvisor.com/Restaurant_Review-g186338-d12700680-Reviews-Falafel_Feast-London_England.html,falafelfeast
250,4.5,4017 ,4.5,4.5,4.0,,,"Lunch, Dinner, Brunch, Late Night","Steakhouse, European, British",Gluten Free Options,Steak & Co. Leicester Square Charing Cross,https://www.tripadvisor.com/Restaurant_Review-g186338-d1986500-Reviews-Steak_Co_Leicester_Square_Charing_Cross-London_England.html,steak&co.leicestersquarecharingcross
251,4.5,771 ,4.5,4.5,4.5,,?20 - ?60,"Vegetarian Friendly, Vegan Options, Gluten Free Options",British,,Town House,https://www.tripadvisor.com/Restaurant_Review-g186338-d1420213-Reviews-Town_House-London_England.html,townhouse
253,4.5,812 ,4.5,4.5,4.5,,?10 - ?26,"Vegetarian Friendly, Vegan Options, Gluten Free Options","Bar, British, Pub, Gastropub",,The Wilmington,https://www.tripadvisor.com/Restaurant_Review-g186338-d1044781-Reviews-The_Wilmington-London_England.html,thewilmington
254,5.0,153 ,4.5,4.5,4.5,,?2 - ?12,"Vegetarian Friendly, Vegan Options, Gluten Free Options","Mediterranean, European, Spanish",,Companero,https://www.tripadvisor.com/Restaurant_Review-g186338-d15711092-Reviews-Companero-London_England.html,companero
255,4.5,533 ,4.5,4.5,4.0,"Set against the unrivalled backdrops of Marble Arch and Hyde Park, Lanes of London serves British inspired menu using the finest seasonal and local produce in a welcoming and relaxed environment. It i",?22 - ?30,"Vegetarian Friendly, Vegan Options, Gluten Free Options",British,"Seating, Highchairs Available, Wheelchair Accessible, Serves Alcohol, Full Bar, Wine and Beer, Free Wifi, Reservations, Table Service",Lanes of London,https://www.tripadvisor.com/Restaurant_Review-g186338-d1006016-Reviews-Lanes_of_London-London_England.html,lanesoflondon
256,4.5,273 ,4.5,4.5,4.5,The Maurizio Barca Restaurant is an Italian pasta and pizza restaurant. We want to share with customers our passion for the authenticity and the unique tastes of Italy.,?12 - ?36,"Vegetarian Friendly, Vegan Options, Gluten Free Options","Italian, Pizza, Mediterranean, European, Neapolitan, Campania, Southern-Italian","Delivery, Takeout, Reservations, Seating, Highchairs Available, Wheelchair Accessible, Serves Alcohol, Wine and Beer, Digital Payments, Table Service, Free Wifi",Maurizio Barca,https://www.tripadvisor.com/Restaurant_Review-g186338-d12789362-Reviews-Maurizio_Barca-London_England.html,mauriziobarca
257,4.5,259 ,4.5,4.5,4.5,,?2 - ?6,"Vegetarian Friendly, Gluten Free Options","Italian, Pizza, Fast Food",,Pizzetta Pizza,https://www.tripadvisor.com/Restaurant_Review-g186338-d8756059-Reviews-Pizzetta_Pizza-London_England.html,pizzettapizza
258,4.5,1124 ,4.5,4.5,4.5,,,"Lunch, Dinner, Brunch, Late Night, Drinks","Bar, British, Pub, Gastropub","Vegetarian Friendly, Vegan Options, Gluten Free Options",The Victoria,https://www.tripadvisor.com/Restaurant_Review-g186338-d3208695-Reviews-The_Victoria-London_England.html,thevictoria
259,4.5,2347 ,4.5,4.5,4.0,"Goodman is a uniquely British interpretation of a New York grill, offering the best beef from both sides of the Atlantic. Among the huge selection of meat we serve in our Mayfair restaurant is America",?48 - ?48,Gluten Free Options,American,"Reservations, Seating, Wheelchair Accessible, Serves Alcohol, Full Bar, Free Wifi, Accepts Credit Cards, Table Service, Gift Cards Available",Goodman Mayfair,https://www.tripadvisor.com/Restaurant_Review-g186338-d1382002-Reviews-Goodman_Mayfair-London_England.html,goodmanmayfair
260,4.5,142 ,4.5,5.0,4.5,,?5 - ?16,"Vegetarian Friendly, Vegan Options, Gluten Free Options","French, European",,Le Petit Citron,https://www.tripadvisor.com/Restaurant_Review-g186338-d15673122-Reviews-Le_Petit_Citron-London_England.html,lepetitcitron
261,4.5,410 ,4.5,5.0,4.5,,?22 - ?36,"Vegetarian Friendly, Vegan Options, Gluten Free Options","African, Ethiopian",,Mosob Restaurant,https://www.tripadvisor.com/Restaurant_Review-g186338-d733341-Reviews-Mosob_Restaurant-London_England.html,mosobrestaurant
262,4.5,536 ,4.5,4.5,4.5,,?28 - ?90,"Vegetarian Friendly, Vegan Options, Gluten Free Options","French, European",,The White Onion,https://www.tripadvisor.com/Restaurant_Review-g186338-d2359208-Reviews-The_White_Onion-London_England.html,thewhiteonion
263,4.5,522 ,4.5,4.5,4.0,"Constancia is an independent, family-run Argentine grill and steak house, located in the heart of Bermondsey's former tannery and leather district. Established in 2009, we quickly gained a reputation ",,"Lunch, Dinner",Gluten Free Options,"Reservations, Seating, Highchairs Available, Wheelchair Accessible, Serves Alcohol, Full Bar, Accepts American Express, Accepts Mastercard, Accepts Visa, Accepts Credit Cards, Table Service, Gift Card",Constancia,https://www.tripadvisor.com/Restaurant_Review-g186338-d2216518-Reviews-Constancia-London_England.html,constancia
265,4.5,426 ,4.5,4.5,4.0,,,"Lunch, Dinner, Late Night","French, European","Vegetarian Friendly, Gluten Free Options",Otto's,https://www.tripadvisor.com/Restaurant_Review-g186338-d2558058-Reviews-Otto_s-London_England.html,ottos
266,4.5,1874 ,5.0,4.5,4.5,"Priding ourselves on our motto ÃÂ¢ÃÂÃÂFamous for fishÃÂ¢ÃÂÃÂ Smiths Restaurants is a name that has become synonymous with fine dining and quality, attentive service. To compliment the qualit",,"Lunch, Dinner","Vegetarian Friendly, Vegan Options, Gluten Free Options","Seating, Wheelchair Accessible, Serves Alcohol, Full Bar, Wine and Beer, Accepts American Express, Accepts Mastercard, Accepts Visa, Reservations, Free Wifi, Accepts Credit Cards, Table Service, Live ",Smith's,https://www.tripadvisor.com/Restaurant_Review-g186338-d2165221-Reviews-Smith_s-London_England.html,smiths
268,4.5,1044 ,4.0,4.0,4.0,"We're a little Neapolitan pizzeria in Soho with alfresco dining. Informal, friendly and fun with a range of pizzas and friggitoria items available.",?5 - ?15,"Vegetarian Friendly, Vegan Options","Italian, Neapolitan, Campania, Southern-Italian","Delivery, Takeout, Outdoor Seating, Seating, Highchairs Available, Wheelchair Accessible, Serves Alcohol, Free Wifi, Accepts Credit Cards, Table Service",Pizza Pilgrims,https://www.tripadvisor.com/Restaurant_Review-g186338-d7291976-Reviews-Pizza_Pilgrims-London_England.html,pizzapilgrims
270,4.5,1590 ,4.0,4.5,4.0,,?8 - ?19,"Vegetarian Friendly, Vegan Options, Gluten Free Options",Italian,,Bella Italia,https://www.tripadvisor.com/Restaurant_Review-g186338-d2011019-Reviews-Bella_Italia-London_England.html,bellaitalia
271,4.5,306 ,4.5,4.5,4.5,,?4 - ?9,"Vegetarian Friendly, Vegan Options, Gluten Free Options","Cafe, British, Healthy",,Blighty Cafe (Finsbury Park),https://www.tripadvisor.com/Restaurant_Review-g186338-d5433643-Reviews-Blighty_Cafe_Finsbury_Park-London_England.html,blightycafe(finsburypark)
274,4.5,356 ,4.5,4.5,4.5,,,"Breakfast, Lunch, Brunch","Cafe, European, British, Healthy, International","Vegetarian Friendly, Vegan Options, Gluten Free Options",Dulce Cafe,https://www.tripadvisor.com/Restaurant_Review-g186338-d5953939-Reviews-Dulce_Cafe-London_England.html,dulcecafe
275,4.5,371 ,4.5,4.5,4.5,,?12 - ?30,"Vegetarian Friendly, Vegan Options, Gluten Free Options","Wine Bar, Italian, Cafe, Mediterranean",,Casa Tua Camden,https://www.tripadvisor.com/Restaurant_Review-g186338-d6440616-Reviews-Casa_Tua_Camden-London_England.html,casatuacamden
276,4.5,848 ,5.0,4.5,4.5,There is no better way to celebrate the restaurantÃÂ¢ÃÂÃÂs tenth anniversary than with a remarkable relaunch of a brand new design for our Michelin starred establishment. This beautiful new resta,?38 - ?105,"Vegetarian Friendly, Vegan Options, Gluten Free Options","European, British","Reservations, Private Dining, Seating, Wheelchair Accessible, Serves Alcohol, Full Bar, Wine and Beer, Accepts American Express, Accepts Mastercard, Accepts Visa, Free Wifi, Accepts Credit Cards, Tabl",Seven Park Place By William Drabble,https://www.tripadvisor.com/Restaurant_Review-g186338-d1554178-Reviews-Seven_Park_Place_By_William_Drabble-London_England.html,sevenparkplacebywilliamdrabble
277,4.5,612 ,4.0,4.5,4.0,,?5 - ?16,"Vegetarian Friendly, Vegan Options, Gluten Free Options","Brew Pub, Bar, British, Dining bars",,The Swan,https://www.tripadvisor.com/Restaurant_Review-g186338-d4041021-Reviews-The_Swan-London_England.html,theswan
278,4.5,588 ,4.5,4.5,4.5,,,"Lunch, Dinner, Late Night","Seafood, British","Vegetarian Friendly, Gluten Free Options",Fish Central,https://www.tripadvisor.com/Restaurant_Review-g186338-d1016482-Reviews-Fish_Central-London_England.html,fishcentral
280,4.5,388 ,4.5,4.5,4.0,,,"Breakfast, Lunch, Drinks","European, British","Vegetarian Friendly, Vegan Options, Gluten Free Options",The Rosebery,https://www.tripadvisor.com/Restaurant_Review-g186338-d6637432-Reviews-The_Rosebery-London_England.html,therosebery
282,4.5,3482 ,4.5,4.5,4.5,,?5 - ?25,"Vegetarian Friendly, Vegan Options, Gluten Free Options",Indian,,Chettinad Restaurant,https://www.tripadvisor.com/Restaurant_Review-g186338-d737343-Reviews-Chettinad_Restaurant-London_England.html,chettinadrestaurant
283,4.5,226 ,4.0,4.5,4.5,,,"Seating, Television, Wheelchair Accessible, Serves Alcohol, Full Bar","Bar, British, Pub",Drinks,The Pride of Spitalfields,https://www.tripadvisor.com/Restaurant_Review-g186338-d4107793-Reviews-The_Pride_of_Spitalfields-London_England.html,theprideofspitalfields
284,4.5,310 ,4.5,4.5,4.5,"The Little Taperia is an award-winning, friendly, neighbourhood Spanish tapas bar and restaurant. We have just won Time Out's Love Local Awards Best Restaurant in Tooting for the second year in a row!",?16 - ?24,"Vegetarian Friendly, Gluten Free Options","Mediterranean, European, Spanish","Wheelchair Accessible, Accepts Visa, Reservations, Seating, Highchairs Available, Serves Alcohol, Full Bar, Accepts Mastercard, Free Wifi, Accepts Credit Cards, Table Service",The Little Taperia,https://www.tripadvisor.com/Restaurant_Review-g186338-d8320074-Reviews-The_Little_Taperia-London_England.html,thelittletaperia
285,4.5,340 ,4.5,4.5,5.0,,,"Breakfast, Lunch, Dinner, Brunch","Italian, Cafe, Mediterranean","Vegetarian Friendly, Vegan Options, Gluten Free Options",Sapori Cafe' and Restaurant,https://www.tripadvisor.com/Restaurant_Review-g186338-d5292714-Reviews-Sapori_Cafe_and_Restaurant-London_England.html,saporicafeandrestaurant
287,4.5,250 ,5.0,4.5,4.5,"PURE Indian cooking prides itself in being a family run restaurant and one with impeccable credentials. Owned by the husband and wife team of Faheem Vanoo and Shilpa Dandekar, both of whom started the",?42 - ?66,"Vegetarian Friendly, Vegan Options, Gluten Free Options","Asian, Indian","Takeout, Reservations, Seating, Street Parking, Free off-street parking, Serves Alcohol, Full Bar, Wine and Beer, Accepts American Express, Accepts Mastercard, Accepts Visa, Digital Payments, Delivery",Pure Indian Cooking,https://www.tripadvisor.com/Restaurant_Review-g186338-d7189021-Reviews-Pure_Indian_Cooking-London_England.html,pureindiancooking
288,4.5,1537 ,4.0,4.5,4.0,We aspire to be the very best in what we do: delivering the finest steak and freshest lobster to your plate. We believe simplicity is key and let the food speak for itself. With freshly caught lobster,?22 - ?48,"Vegetarian Friendly, Vegan Options, Gluten Free Options","Steakhouse, Seafood, European, British","Reservations, Seating, Highchairs Available, Wheelchair Accessible, Serves Alcohol, Full Bar, Free Wifi, Accepts Credit Cards, Table Service, Wine and Beer",Steak And Lobster Warren Street,https://www.tripadvisor.com/Restaurant_Review-g186338-d6677263-Reviews-Steak_And_Lobster_Warren_Street-London_England.html,steakandlobsterwarrenstreet
289,4.5,1013 ,4.5,4.5,4.5,,?10 - ?24,"Vegetarian Friendly, Vegan Options, Gluten Free Options","Bar, British, Pub, Gastropub",,Union Tavern,https://www.tripadvisor.com/Restaurant_Review-g186338-d720871-Reviews-Union_Tavern-London_England.html,uniontavern
290,4.5,346 ,4.5,4.5,4.0,,?30 - ?48,"Vegetarian Friendly, Vegan Options, Gluten Free Options","Indian, Asian",,Flora Indica,https://www.tripadvisor.com/Restaurant_Review-g186338-d10455238-Reviews-Flora_Indica-London_England.html,floraindica
291,4.5,590 ,4.5,4.5,4.0,"With two central locations, Chisou serves some of the best Japanese cuisine in London. Our Izakaya style dining is a fantastic way to experience a great selection of Japanese food as guests are encour",?42 - ?96,"Vegetarian Friendly, Vegan Options, Gluten Free Options","Japanese, Sushi, Asian","Delivery, Takeout, Reservations, Seating, Highchairs Available, Serves Alcohol, Full Bar, Free Wifi, Accepts Credit Cards, Table Service, Wine and Beer, Accepts American Express, Accepts Mastercard, A",Chisou Japanese Restaurant,https://www.tripadvisor.com/Restaurant_Review-g186338-d734256-Reviews-Chisou_Japanese_Restaurant-London_England.html,chisoujapaneserestaurant
292,4.5,277 ,4.5,4.5,4.0,,,Dinner,"Italian, Mediterranean","Vegetarian Friendly, Vegan Options, Gluten Free Options",Popolo Shoreditch,https://www.tripadvisor.com/Restaurant_Review-g186338-d11689131-Reviews-Popolo_Shoreditch-London_England.html,popoloshoreditch
293,4.5,627 ,4.5,4.5,4.5,"Kibele Restaurant offers simple yet brilliantly executed Mediterranean Turkish dishes with authentic and fresh ingredients. Kibele may have evolved from an Anatolian Mother Goddess of fertility, love ",,"Lunch, Dinner, Drinks","Vegetarian Friendly, Vegan Options, Halal, Gluten Free Options","Takeout, Reservations, Outdoor Seating, Seating, Highchairs Available, Wheelchair Accessible, Serves Alcohol, Full Bar, Free Wifi, Accepts Credit Cards, Table Service, Live Music, Gift Cards Available",Kibele Restaurant & Bar,https://www.tripadvisor.com/Restaurant_Review-g186338-d12290895-Reviews-Kibele_Restaurant_Bar-London_England.html,kibelerestaurant&bar
294,4.5,1541 ,4.5,4.5,4.0,"Situated in the heart of Kensington, The Light of India restaurant is a classy and elegant Indian restaurant established in 1984. Dishes are derived from the Moghul cuisine of North West India where f",,"Breakfast, Lunch, Dinner, Late Night","Vegetarian Friendly, Vegan Options, Gluten Free Options","Takeout, Reservations, Seating, Highchairs Available, Serves Alcohol, Full Bar, Free Wifi, Accepts Credit Cards, Table Service",Light of India,https://www.tripadvisor.com/Restaurant_Review-g186338-d2036992-Reviews-Light_of_India-London_England.html,lightofindia
295,4.5,2669 ,4.5,4.5,4.5,,,"Breakfast, Lunch, Dinner, Brunch, Late Night",British,"Vegetarian Friendly, Vegan Options, Gluten Free Options",The Foyer At Claridge's,https://www.tripadvisor.com/Restaurant_Review-g186338-d1106756-Reviews-The_Foyer_At_Claridge_s-London_England.html,thefoyeratclaridges
298,4.5,733 ,4.5,4.5,4.0,,?18 - ?60,Gluten Free Options,"Steakhouse, Argentinean",,The Bull Steak Expert,https://www.tripadvisor.com/Restaurant_Review-g186338-d2704738-Reviews-The_Bull_Steak_Expert-London_England.html,thebullsteakexpert
299,4.5,296 ,4.5,4.5,4.5,,?3 - ?15,"Vegetarian Friendly, Vegan Options","Cafe, British",,Beck's cafe,https://www.tripadvisor.com/Restaurant_Review-g186338-d816904-Reviews-Beck_s_cafe-London_England.html,beckscafe
