restaurant_name,address,phone_number,website,hygiene_rating,about,cuisines,features,special_diets,tripadvisor_url,tripadvisor_price_range,tripadvisor_food_rating,tripadvisor_overall_rating,tripadvisor_value_rating,google_price_level,google_rating,google_total_ratings,yelp_price,yelp_rating,yelp_review_count
Bonoo Indian Tapas,"675 Finchley Rd, London NW2 2JP, UK",020 7794 8899,http://www.bonoo.co.uk/,5,"","Wine Bar, Indian, Contemporary, Street Food","","Vegetarian Friendly, Vegan Options, Gluten Free Options",https://www.tripadvisor.com/Restaurant_Review-g186338-d10460592-Reviews-Bonoo_Indian_Tapas-London_England.html,?20 - ?30,5.0,5.0,4.5,2,4.9,1342,"",5,1
Hibox,"48 Goodge St, London W1T 4LX, UK",020 7580 9312,https://www.hibahibox.com/,1,"Vegan Palestinian and Lebanese food for eat-in and takeaway. Hot falafel, made in-house throughout the day and a range of fresh, healthy hot and cold dishes in build-your-own salad boxes and wraps.","Lebanese, Mediterranean, Middle Eastern, Fast Food, Healthy","Delivery, Takeout, Seating, Accepts Credit Cards","Vegetarian Friendly, Vegan Options, Gluten Free Options, Halal",https://www.tripadvisor.com/Restaurant_Review-g186338-d21302648-Reviews-Hibox-London_England.html,?6 - ?10,5.0,5.0,5.0,no price level,4.9,207,"","",""
Scarlett Green,"4 Noel St, London W1F 8GB, UK",020 3653 2010,http://www.daisygreenfood.com/,5,"Quintessential heart of Soho, Scarlett Green has been the proud title holder of Number One brunch Spot in the World on TripAdvisor. Spend intimate evenings chatting and indulging in our ÃÂ¢ÃÂÃÂSc","Vegetarian Friendly, Vegan Options, Gluten Free Options","Reservations, Outdoor Seating, Seating, Highchairs Available, Wheelchair Accessible, Serves Alcohol, Full Bar, Free Wifi, Table Service","Breakfast, Lunch, Dinner, Brunch, Drinks",https://www.tripadvisor.com/Restaurant_Review-g186338-d14134252-Reviews-Scarlett_Green-London_England.html,"",4.5,5.0,4.5,2,4.4,656,"",4,5
Nora Cafe,"9 Wentworth St, London E1 7TB, UK",020 7247 4992,http://www.noracafe.co.uk/,5,"Try the best; You must check out our exceptional menu that aims to prove that you can go to one place.for every meal, whatever time of day. As well as our range of fry-up, to the Spotted dick and trea","Vegetarian Friendly, Vegan Options","Takeout, Seating, Free Wifi, Accepts Credit Cards, Table Service, Highchairs Available, Digital Payments, Family style, Non-smoking restaurants","Breakfast, Lunch, Dinner, Brunch, Late Night, Drinks",https://www.tripadvisor.com/Restaurant_Review-g186338-d19982460-Reviews-Nora_Cafe-London_England.html,"",5.0,5.0,5.0,no price level,4.8,142,£,5,3
Bayleaf Restaurant,"1282-1284 High Rd, London N20 9HH, UK",020 8446 8671,http://www.bayleaf.co.uk/restaurant/,5,"We have evolved our cuisine over the years to reflect the fine artistry in Indian cooking. We incorporate modern cooking techniques, whilst maintaining an authentic traditional taste. Our food, servic","Indian, Asian","Takeout, Reservations, Seating, Highchairs Available, Wheelchair Accessible, Serves Alcohol, Full Bar, Accepts American Express, Accepts Mastercard, Accepts Visa, Free Wifi, Accepts Credit Cards, Tabl","Vegetarian Friendly, Vegan Options, Gluten Free Options",https://www.tripadvisor.com/Restaurant_Review-g186338-d5856902-Reviews-Bayleaf_Restaurant-London_England.html,?36 - ?90,4.5,4.5,4.0,2,4.5,292,££,3,3
Amrutha Lounge,"326 Garratt Ln, London SW18 4EJ, UK",020 8001 4628,http://www.amrutha.co.uk/,4,Innovative vegan dishes and heart-warming classics are lovingly prepared on the premises by our chefs on a daily basis. The food is made from scratch with an emphasis on taking simple ingredients and,"Indian, Asian, Healthy","Delivery, Takeout, Reservations, Seating, Highchairs Available, Wheelchair Accessible, Free Wifi, Accepts Credit Cards, Table Service, Digital Payments, BYOB, Gift Cards Available","Vegetarian Friendly, Vegan Options, Gluten Free Options",https://www.tripadvisor.com/Restaurant_Review-g186338-d13544747-Reviews-Amrutha_Lounge-London_England.html,?6 - ?30,5.0,5.0,5.0,1,4.9,879,"",5,3
Andy's Greek Taverna,"23 Pratt St., London NW1 0BG, UK",020 7485 9718,https://www.andystaverna.co.uk/,"","","Mediterranean, European, Greek, Healthy","Vegetarian Friendly, Vegan Options, Gluten Free Options",Dinner,https://www.tripadvisor.com/Restaurant_Review-g186338-d10440481-Reviews-Andy_s_Greek_Taverna-London_England.html,"",4.5,5.0,4.5,2,4.6,1696,£,5,27
Muhib Indian Cuisine,"73 Brick Ln, London E1 6QL, UK",020 7247 7122,http://www.muhibindiancuisine.com/,4,"","Indian, Bangladeshi","","Vegetarian Friendly, Vegan Options, Halal, Gluten Free Options",https://www.tripadvisor.com/Restaurant_Review-g186338-d2064495-Reviews-Muhib_Indian_Cuisine-London_England.html,?14 - ?30,4.5,4.5,4.0,2,4.5,544,££,4,77
Chamisse,"55 Grays Inn Rd, London WC1X 8PP, UK",020 7430 0799,http://www.chamisse.com/,3,"A Friendly casual , yet chic Lebanese / Mediterranean Cuisine with a rich wine list and a great selection for vegans and vegetarians.","Lebanese, Mediterranean, Middle Eastern","Delivery, Takeout, Reservations, Seating, Highchairs Available, Wheelchair Accessible, Serves Alcohol, Wine and Beer, Accepts American Express, Accepts Mastercard, Accepts Visa, Digital Payments, Free","Vegetarian Friendly, Vegan Options, Halal, Gluten Free Options",https://www.tripadvisor.com/Restaurant_Review-g186338-d3681424-Reviews-Chamisse-London_England.html,?8 - ?30,4.5,4.5,4.5,2,4.6,679,££,5,15
Spasso,"61 Walm Ln, London NW2 4QR, UK",020 8450 7722,http://spassolondon.co.uk/,4,Spasso is a unique Italian restaurant and bar with Southern Italian cuisine and funky cocktails.,"Italian, Mediterranean, Neapolitan, Campania, Southern-Italian","Takeout, Reservations, Outdoor Seating, Seating, Highchairs Available, Serves Alcohol, Full Bar, Accepts Credit Cards, Table Service, Gift Cards Available","Vegetarian Friendly, Vegan Options",https://www.tripadvisor.com/Restaurant_Review-g186338-d19127403-Reviews-Spasso-London_England.html,?8 - ?48,5.0,5.0,5.0,no price level,4.9,208,"","",""
Indian Moment,"44 Battersea Rise, London SW11 1EE, UK",020 7223 6575,https://www.indianmoment.co.uk/,5,"","Indian, Asian","Vegetarian Friendly, Vegan Options, Halal, Gluten Free Options","Lunch, Dinner, Drinks, Late Night",https://www.tripadvisor.com/Restaurant_Review-g186338-d804653-Reviews-Indian_Moment-London_England.html,"",4.5,4.5,4.5,2,4.2,213,££,4,10
Taste Of Nawab,"97 Colney Hatch Ln, London N10 1LR, UK",020 8883 6429,http://www.tasteofnawab.com/,3,"","Indian, Healthy","","Vegetarian Friendly, Vegan Options, Halal, Gluten Free Options",https://www.tripadvisor.com/Restaurant_Review-g186338-d813149-Reviews-Taste_Of_Nawab-London_England.html,?15 - ?20,5.0,5.0,5.0,2,4.6,571,"",5,3
Awesome Thai #Finchley,"826 High Rd, London N12 9RA, UK",020 8492 8477,http://www.awesomethai.co.uk/,"","","Asian, Thai","Vegetarian Friendly, Vegan Options, Gluten Free Options","Lunch, Dinner",https://www.tripadvisor.com/Restaurant_Review-g186338-d21498814-Reviews-Awesome_Thai_Finchley-London_England.html,"",5.0,5.0,5.0,no price level,4.8,192,££,5,2
Bruce Burgers,"93 Bruce Grove, London N17 6UZ, UK",020 8411 0087,no website,5,"",Fast Food,"Vegetarian Friendly, Gluten Free Options, Vegan Options","Lunch, Dinner",https://www.tripadvisor.com/Restaurant_Review-g186338-d12923460-Reviews-Bruce_Burgers-London_England.html,"",5.0,5.0,5.0,no price level,4.6,301,"","",""
Tania's of Hampstead,"12 Heath St, London NW3 6TE, UK",07964 323723,https://www.instagram.com/taniasofhampstead/?hl=en,3,"","Lebanese, Cafe, Deli, Middle Eastern","Vegetarian Friendly, Vegan Options","Breakfast, Brunch, Lunch",https://www.tripadvisor.com/Restaurant_Review-g186338-d7337074-Reviews-Tania_s_of_Hampstead-London_England.html,"",5.0,5.0,5.0,no price level,4.9,37,£,5,2
The Wine Place Covent Garden,"33, The Market Bldg, Piazza WC2E 8RE, UK",020 7240 7887,http://www.italianwines.com/,"","","Italian, Wine Bar, Mediterranean, European, Sicilian, Southern-Italian","",Vegetarian Friendly,https://www.tripadvisor.com/Restaurant_Review-g186338-d15828579-Reviews-The_Wine_Place_Covent_Garden-London_England.html,?5 - ?12,4.5,5.0,4.5,2,4.3,264,"",3,5
Cafe Parisienne,"225 Lavender Hill, London SW11 1JR, UK",020 7924 5523,no website,"","","Cafe, European, British, International","","Vegetarian Friendly, Vegan Options, Gluten Free Options",https://www.tripadvisor.com/Restaurant_Review-g186338-d6171524-Reviews-Cafe_Parisienne-London_England.html,?4 - ?11,4.5,5.0,4.5,1,4.6,272,"","",""
The Rajdoot,"49 Paddington St, London W1U 4HW, UK",020 7486 2055,https://www.therajdootindian.com/,4,"","Indian, Asian, Balti","","Vegetarian Friendly, Vegan Options, Halal, Gluten Free Options",https://www.tripadvisor.com/Restaurant_Review-g186338-d1044584-Reviews-The_Rajdoot-London_England.html,?20 - ?30,4.5,4.5,4.5,2,4.4,858,££,5,94
The Rajdoot Hampstead,"104 Fleet Rd, London NW3 2QX, UK",020 7485 1329,https://www.rajdootnw3.co.uk/,"","","Indian, Asian, Grill","","Vegetarian Friendly, Vegan Options, Gluten Free Options",https://www.tripadvisor.com/Restaurant_Review-g186338-d15614126-Reviews-The_Rajdoot_Hampstead-London_England.html,?15 - ?40,5.0,5.0,4.5,2,4.8,426,"","",""
Launceston Place,"Launceston Pl, London, UK",no phone number,no website,"","Nestled in the quaint residential streets of Kensington, Launceston Place is an award winning hidden gem. The Head Chef Ben Murphy, was named Chef to Watch 2016 by The Good Food Guide and took home th","European, British","Free Wifi, Reservations, Private Dining, Seating, Wheelchair Accessible, Serves Alcohol, Full Bar, Accepts American Express, Accepts Mastercard, Accepts Visa, Accepts Discover, Accepts Credit Cards, T","Vegetarian Friendly, Vegan Options, Gluten Free Options",https://www.tripadvisor.com/Restaurant_Review-g186338-d719675-Reviews-Launceston_Place-London_England.html,?33 - ?95,4.5,4.5,4.5,no price level,no rating,no total ratings,"","",""
Yuu Kitchen,"29 Commercial St, London E1 6NE, UK",020 7377 0411,http://www.yuukitchen.com/,5,"","Taiwanese, Japanese, Asian","","Vegetarian Friendly, Vegan Options, Gluten Free Options",https://www.tripadvisor.com/Restaurant_Review-g186338-d11717778-Reviews-Yuu_Kitchen-London_England.html,?18 - ?30,5.0,4.5,4.5,3,4.5,825,"","",""
L'Angolo Bianco,"49 Crawford St, London W1H 1HA, UK",020 7724 5888,no website,"","","Italian, European, Cafe","Vegetarian Friendly, Vegan Options, Gluten Free Options","Lunch, Breakfast",https://www.tripadvisor.com/Restaurant_Review-g186338-d8566994-Reviews-L_Angolo_Bianco-London_England.html,"",5.0,5.0,5.0,no price level,4.7,148,"","",""
Paladar,"4-5 London Rd, London SE1 6JZ, UK",020 7186 5555,http://paladarlondon.com/,4,"Paladar is an award-winning restaurant and wine shop showcasing the best of Latin American food, wines, spirits, cocktails, coffee, music and contemporary art. The creative cuisine served as sharing p","South American, Latin, Contemporary, Fusion","Reservations, Outdoor Seating, Private Dining, Seating, Highchairs Available, Serves Alcohol, Full Bar, Wine and Beer, Free Wifi, Accepts Credit Cards, Table Service, Accepts American Express, Accepts","Vegetarian Friendly, Vegan Options, Gluten Free Options",https://www.tripadvisor.com/Restaurant_Review-g186338-d13110566-Reviews-Paladar-London_England.html,?18 - ?36,5.0,5.0,4.5,2,4.7,761,"","",""
Dobar,"324a Green Lanes, Finsbury Park, London N4 1BX, UK",020 7686 3257,http://www.dobar.co.uk/,4,"","Cafe, European, British","","Vegetarian Friendly, Vegan Options, Gluten Free Options",https://www.tripadvisor.com/Restaurant_Review-g186338-d15211822-Reviews-Dobar-London_England.html,?6 - ?17,5.0,5.0,5.0,no price level,4.7,678,"",5,3
Eastern Eye Balti House,"63A Brick Ln, London E1 6QL, UK",020 7247 8643,http://www.easterneyebricklane.co.uk/,5,"Established in 1992, Eastern Eye Balti House is one of the oldest curry house's on the famous Brick Lane. Family owned and boast a number of high profile clientele's. Authentic curry and recently won","Indian, Asian, Balti, Bangladeshi","Delivery, Full Bar, Takeout, Reservations, Seating, Street Parking, Free off-street parking, Television, Highchairs Available, Serves Alcohol, Wine and Beer, Accepts Mastercard, Accepts Visa, Table Se","Vegetarian Friendly, Vegan Options, Halal",https://www.tripadvisor.com/Restaurant_Review-g186338-d1735578-Reviews-Eastern_Eye_Balti_House-London_England.html,?12 - ?36,4.0,4.5,4.0,2,4.3,680,"","",""
Fugitive Motel,"199 Cambridge Heath Rd, London E2 0EL, UK",020 3974 4455,https://fugitivemotel.bar/,5,"","Bar, Pizza, Brew Pub, British","","Vegetarian Friendly, Vegan Options",https://www.tripadvisor.com/Restaurant_Review-g186338-d19095785-Reviews-Fugitive_Motel-London_England.html,?6 - ?15,4.5,5.0,4.5,2,4.4,327,"","",""
Yum Sa,"3, 88 Plaza Gdns, Upper Richmond Rd, London SW15 2DT, UK",020 3371 9111,http://www.yum-sa.com/,5,"Awarded the Best Modern Asian restaurant in London, Yum Sa features Modern Asian cuisine influenced with the flavours of Thailand. Our mission is to connect people to simple great tasting food with a","Asian, Thai, Fusion","Delivery, Takeout, Reservations, Private Dining, Seating, Highchairs Available, Wheelchair Accessible, Serves Alcohol, Full Bar, Wine and Beer, Free Wifi, Accepts Credit Cards, Table Service, Street P","Vegetarian Friendly, Vegan Options, Gluten Free Options",https://www.tripadvisor.com/Restaurant_Review-g186338-d13006784-Reviews-Yum_Sa-London_England.html,?7 - ?53,4.5,4.5,4.5,2,4.5,644,"","",""
Cafe de Provence,"14 Drury Ln, London WC2B 5RB, UK",020 7497 2757,https://cafedeprovence.business.site/?utm_source=gmb&utm_medium=referral,3,"","Cafe, European, British, Healthy","Vegetarian Friendly, Vegan Options, Gluten Free Options","Breakfast, Lunch, Brunch",https://www.tripadvisor.com/Restaurant_Review-g186338-d10371250-Reviews-Cafe_de_Provence-London_England.html,"",5.0,5.0,5.0,1,4.8,230,"","",""
Bebs Kitchen,"126 Acre Ln, London SW2 5RJ, UK",020 3659 8915,https://bebskitchen.co.uk/order-now,5,"","Indian, Healthy","","Vegetarian Friendly, Vegan Options",https://www.tripadvisor.com/Restaurant_Review-g186338-d17594014-Reviews-Bebs_Kitchen-London_England.html,?12 - ?18,5.0,5.0,5.0,no price level,4.9,212,"","",""
Almas Restaurant,"83 Abbey Rd, London NW8 0AG, UK",020 3859 9575,http://www.almasrestaurant.co.uk/,"","","Persian, Healthy","","Vegetarian Friendly, Vegan Options",https://www.tripadvisor.com/Restaurant_Review-g186338-d23103073-Reviews-Almas_Restaurant-London_England.html,?6 - ?22,5.0,5.0,5.0,no price level,4.9,734,"","",""
The Hampshire,"225-227 King St, London W6 9JT, UK",020 8748 3391,http://www.the-hampshire.com/,3,"",Indian,"","Vegetarian Friendly, Vegan Options, Gluten Free Options",https://www.tripadvisor.com/Restaurant_Review-g186338-d2624871-Reviews-The_Hampshire-London_England.html,?12 - ?36,5.0,5.0,5.0,2,4.1,608,"","",""
Brick Lane Brasserie,"67 Brick Ln, London E1 6QL, UK",020 7377 8072,https://www.bricklanebrasserie.com/,5,"","Indian, Asian, Balti, Bangladeshi","","Vegetarian Friendly, Vegan Options, Halal, Gluten Free Options",https://www.tripadvisor.com/Restaurant_Review-g186338-d2256061-Reviews-Brick_Lane_Brasserie-London_England.html,?10 - ?18,4.0,4.0,4.0,2,4,464,"","",""
Iznik,"19 Highbury Park, London N5 1QJ, UK",020 7354 5697,http://www.iznik.co.uk/,4,"","Mediterranean, Turkish, Healthy, Middle Eastern","","Vegetarian Friendly, Vegan Options, Halal, Gluten Free Options",https://www.tripadvisor.com/Restaurant_Review-g186338-d719378-Reviews-Iznik-London_England.html,?12 - ?28,4.5,4.5,4.5,1,4.6,293,"","",""
AW Restaurant,"37 Conduit St, London W1S 2YF, UK",020 7629 7755,https://www.awwestbury.com/,"","","European, British","","Vegetarian Friendly, Vegan Options, Gluten Free Options",https://www.tripadvisor.com/Restaurant_Review-g186338-d2433450-Reviews-AW_Restaurant-London_England.html,?72 - ?108,4.5,4.5,4.5,4,4.6,171,"","",""
Bar 61 Restaurant,"61A Streatham Hill, London SW2 4TX, UK",020 8671 0444,http://www.bar61.com/,"",Opening hours For food Monday until Sunday 12:30 to 23:00 Opening hours for drink Monday until Sunday 11:00 to 01:00,"Mediterranean, European, Spanish","Reservations, Seating, Highchairs Available, Wheelchair Accessible, Serves Alcohol, Full Bar, Free Wifi, Accepts Credit Cards, Table Service","Vegetarian Friendly, Vegan Options, Gluten Free Options",https://www.tripadvisor.com/Restaurant_Review-g186338-d1316206-Reviews-Bar_61_Restaurant-London_England.html,?17 - ?32,4.5,5.0,4.5,2,4.6,546,"","",""
Figo Leyton,"264-268 High Rd Leyton, London E10 5PW, UK",020 8262 3128,http://figorestaurant.co.uk/,"","","Italian, Central-Italian","Vegetarian Friendly, Vegan Options, Gluten Free Options","Lunch, Dinner, Breakfast",https://www.tripadvisor.com/Restaurant_Review-g186338-d23451353-Reviews-Figo_Leyton-London_England.html,"",4.5,5.0,4.0,no price level,4.3,238,"","",""
215 Hackney,"215 Stoke Newington High St, London N16 0LH, UK",020 7254 5199,https://www.215hackney.co.uk/,"","","Middle Eastern, Cafe, Healthy","","Vegetarian Friendly, Vegan Options, Gluten Free Options",https://www.tripadvisor.com/Restaurant_Review-g186338-d19067627-Reviews-215_Hackney-London_England.html,?6 - ?14,5.0,5.0,5.0,no price level,4.8,238,"","",""
Amber Restaurant,"21 Piazza Walk, London E1 8QH, UK",020 7702 0700,http://thisisamber.co.uk/,"","ItÃÂ¢ÃÂÃÂs about the journey, not the destination. ThatÃÂ¢ÃÂÃÂs why we took our name from the Amber Road trade route. It reflects everything that makes us special ÃÂ¢ÃÂÃÂ from our easte","Mediterranean, European, Healthy, Middle Eastern","Delivery, Takeout, Reservations, Seating, Wheelchair Accessible, Serves Alcohol, Full Bar, Free Wifi, Table Service, Gift Cards Available","Vegetarian Friendly, Vegan Options, Gluten Free Options",https://www.tripadvisor.com/Restaurant_Review-g186338-d13444942-Reviews-Amber_Restaurant-London_England.html,?8 - ?26,5.0,5.0,4.5,2,4.7,1042,"","",""
Indian Lounge,"343 Grays Inn Rd, London WC1X 8PX, UK",020 7837 8398,http://www.indianloungelondon.co.uk/,4,Indian Lounge is an Indian restaurant situated in the heart of Kings Cross in central london. Our Indian restaurant is a mixture of modern and traditional. It perfectly combines modern decor and atmos,"Vegetarian Friendly, Vegan Options, Halal, Gluten Free Options","Delivery, Takeout, Reservations, Seating, Highchairs Available, Wheelchair Accessible, Serves Alcohol, Full Bar, Free Wifi, Accepts Credit Cards, Table Service","Lunch, Dinner, Brunch, Late Night",https://www.tripadvisor.com/Restaurant_Review-g186338-d3206568-Reviews-Indian_Lounge-London_England.html,"",4.0,4.5,4.0,2,4.4,3518,"","",""
The Chelsea Corner,"451 Fulham Rd., London SW10 9UZ, UK",020 3055 0088,http://www.thechelseacorner.com/,5,"","Italian, Pizza, Mediterranean","","Vegetarian Friendly, Vegan Options, Gluten Free Options",https://www.tripadvisor.com/Restaurant_Review-g186338-d15021904-Reviews-The_Chelsea_Corner-London_England.html,?6 - ?31,5.0,5.0,5.0,no price level,4.8,250,"","",""
Oliveira Kitchen,"80 Paul St, London EC2A 4NE, UK",020 7729 0481,http://www.oliveira.kitchen/,"",Modern living inspired cuisine. Organic vegetarian restaurant serving international dishes using local produce in support of local British organic farmers.,"Healthy, French, International, European","Reservations, Seating, Wheelchair Accessible, Serves Alcohol, Full Bar, Accepts Credit Cards, Table Service, Street Parking, Wine and Beer, Digital Payments, Non-smoking restaurants, Gift Cards Availa","Vegetarian Friendly, Vegan Options, Gluten Free Options",https://www.tripadvisor.com/Restaurant_Review-g186338-d13915112-Reviews-Oliveira_Kitchen-London_England.html,?19 - ?30,5.0,5.0,5.0,no price level,4.8,161,"","",""
The Banc,"261-263 W Green Rd, London N15 3BH, UK",020 8888 8898,http://www.thebanc.co.uk/,5,"","Steakhouse, Mediterranean, Grill","","Vegetarian Friendly, Vegan Options, Halal, Gluten Free Options",https://www.tripadvisor.com/Restaurant_Review-g186338-d3419712-Reviews-The_Banc-London_England.html,?8 - ?20,4.5,4.5,4.5,2,4.3,2356,"","",""
The Jasmine by Spice Nouv-Oh!,"331 Broadway, Bexleyheath DA6 8DT, UK",020 8616 0880,http://www.spicenouvoh.co.uk/,4,"The Jasmine by Spice Nouv-Oh! formerly located on Shooters Hill is a Indo-Fusion restaurant and takeaway now located on the broadway. We specialise in healthy, fresh and fusion cooking of traditional","Halal, Vegetarian Friendly, Vegan Options, Gluten Free Options","Delivery, Takeout, Serves Alcohol, Free Wifi, Reservations, Seating, Wheelchair Accessible, Full Bar, Table Service, Highchairs Available",Dinner,https://www.tripadvisor.com/Restaurant_Review-g186338-d6885893-Reviews-The_Jasmine_by_Spice_Nouv_Oh-London_England.html,"",5.0,5.0,4.5,2,4.8,304,"","",""
Zeret Kitchen,"216-218 Camberwell Rd, London SE5 0ED, UK",020 7701 8587,http://www.zeretkitchen.co.uk/,5,"","African, Ethiopian","Vegetarian Friendly, Vegan Options, Gluten Free Options","Lunch, Dinner, Late Night",https://www.tripadvisor.com/Restaurant_Review-g186338-d1748899-Reviews-Zeret_Kitchen-London_England.html,"",5.0,5.0,5.0,2,4.7,799,"","",""
Osteria Romana,"3-4 Park Cl, London SW1X 7PQ, UK",020 7584 5819,http://osteriaromana.co.uk/,5,"","Italian, Mediterranean, European, Romana, Lazio, Central-Italian","","Vegetarian Friendly, Vegan Options, Gluten Free Options",https://www.tripadvisor.com/Restaurant_Review-g186338-d13149344-Reviews-Osteria_Romana-London_England.html,?31 - ?48,4.5,4.5,4.5,3,4.5,397,"","",""
Terra Rossa,"139 Upper St, London N1 1QP, UK",020 7226 2244,http://www.terrarossa-restaurant.co.uk/,3,"Flavours of Puglia -Independent Italian Restaurant with homemade Pasta & stone baked Pizza. Terra Rossa in Islington is an Italian restaurant proudly serving up gorgeous cuisine from the sun-kissed, f","Italian, Pizza, Mediterranean, Southern-Italian","Delivery, Takeout, Reservations, Seating, Highchairs Available, Serves Alcohol, Full Bar, Free Wifi, Accepts Credit Cards, Table Service, Free off-street parking, Wine and Beer, Gift Cards Available","Vegetarian Friendly, Vegan Options, Gluten Free Options",https://www.tripadvisor.com/Restaurant_Review-g186338-d15345285-Reviews-Terra_Rossa-London_England.html,?24 - ?54,5.0,5.0,4.5,no price level,4.5,414,"","",""
Bengal Village - Best of Brick Lane,"75 Brick Ln, London E1 6QL, UK",020 7366 4868,http://www.bengalvillage.com/,"","Bengal Village - Best of Brick Lane is a family-run restaurant in the heart of the iconic Brick Lane which is also known as the Curry Mile of London. Established over two decades ago, arguably one of","Indian, Asian, Balti, Bangladeshi, Grill","Delivery, Takeout, Seating, Highchairs Available, Serves Alcohol, Accepts American Express, Accepts Mastercard, Accepts Visa, Accepts Discover, Accepts Credit Cards, Table Service, Street Parking, Win","Vegetarian Friendly, Vegan Options, Halal, Gluten Free Options",https://www.tripadvisor.com/Restaurant_Review-g186338-d1964861-Reviews-Bengal_Village_Best_of_Brick_Lane-London_England.html,?10 - ?30,4.0,4.5,4.0,2,4.5,1124,"","",""
Richard's Kitchen,"16A Tooting Bec Rd, London SW17 8BD, UK",020 8767 0238,http://richards-kitchen.com/,5,"","Cafe, British, Fusion, European","Vegetarian Friendly, Vegan Options, Gluten Free Options","Breakfast, Lunch, Dinner, Brunch",https://www.tripadvisor.com/Restaurant_Review-g186338-d13325769-Reviews-Richard_s_Kitchen-London_England.html,"",5.0,5.0,5.0,2,4.9,217,"","",""
KataKata,"132A Brixton Hill, London SW2 1RS, UK",020 3490 1160,https://www.katakatabrixton.com/,3,"","African, Cafe, Healthy","","Vegetarian Friendly, Vegan Options, Gluten Free Options",https://www.tripadvisor.com/Restaurant_Review-g186338-d8093529-Reviews-KataKata-London_England.html,?4 - ?8,5.0,5.0,5.0,1,4.6,342,"","",""
Flour To The People!,"573 Battersea Park Rd, London SW11 3BJ, UK",020 7228 5672,http://www.flour2people.co.uk/,5,"",Pizza,"","Vegan Options, Gluten Free Options",https://www.tripadvisor.com/Restaurant_Review-g186338-d7995020-Reviews-Flour_To_The_People-London_England.html,?8 - ?14,4.5,5.0,4.5,2,4.7,599,"","",""
TOKii,"50 Great Cumberland Pl, Marble Arch, London W1H 7FD, UK",020 7724 0486,http://tokii.co.uk/,"","","Japanese, Sushi, Asian, Healthy, Japanese Fusion","","Vegetarian Friendly, Vegan Options, Gluten Free Options",https://www.tripadvisor.com/Restaurant_Review-g186338-d19509990-Reviews-TOKii-London_England.html,?5 - ?55,5.0,5.0,4.5,no price level,4.3,65,"","",""
Oi Vita Pizzeria,"67 Newington Green Rd, London N1 4QU, UK",020 3302 8700,https://oivita.london/,"","","Italian, Pizza, Mediterranean, European, Neapolitan, Campania, Southern-Italian","","Vegetarian Friendly, Vegan Options, Gluten Free Options",https://www.tripadvisor.com/Restaurant_Review-g186338-d11961993-Reviews-Oi_Vita_Pizzeria-London_England.html,?4 - ?15,5.0,5.0,4.5,2,4.8,657,"","",""
The Prince of Greenwich Pub,"72 Royal Hill, London SE10 8RT, UK",no phone number,https://www.theprinceofgreenwichpub.com/,"","","Mediterranean, Italian, Bar, Pizza, Pub, Sicilian, Southern-Italian","","Vegetarian Friendly, Vegan Options, Gluten Free Options",https://www.tripadvisor.com/Restaurant_Review-g186338-d7159326-Reviews-The_Prince_of_Greenwich_Pub-London_England.html,?8 - ?22,4.5,5.0,5.0,2,4.8,840,"","",""
E Pellicci,"332 Bethnal Green Rd, London E2 0AG, UK",020 7739 4873,http://epellicci.co.uk/,5,"","Italian, Cafe, British","","Vegetarian Friendly, Vegan Options, Gluten Free Options",https://www.tripadvisor.com/Restaurant_Review-g186338-d731643-Reviews-E_Pellicci-London_England.html,?6 - ?17,4.5,5.0,4.5,1,4.8,1464,"","",""
Fishcotheque,"79A Waterloo Rd, London SE1 8UD, UK",020 7803 9892,https://thefishcotheque.com/,4,"","Seafood, Fast Food, British","Lunch, Dinner, Late Night","Takeout, Reservations, Seating, Highchairs Available, Wheelchair Accessible, Table Service",https://www.tripadvisor.com/Restaurant_Review-g186338-d1316331-Reviews-Fishcotheque-London_England.html,"",4.5,4.5,4.5,1,4.4,1470,"","",""
Fishcotheque,"79A Waterloo Rd, London SE1 8UD, UK",020 7803 9892,https://thefishcotheque.com/,4,"","Seafood, Fast Food, British","Lunch, Dinner, Late Night","Takeout, Reservations, Seating, Highchairs Available, Wheelchair Accessible, Table Service",https://www.tripadvisor.com/Restaurant_Review-g186338-d1316331-Reviews-Fishcotheque-London_England.html,"",4.5,4.5,4.5,1,4.4,1470,"","",""
Osteria Napoletana,"186 Kensington Park Road ES, London W11 2ES, UK",020 7221 0154,https://osterianapoletana.co.uk/,5,"Osteria Napoletana offers traditional Neapolitan and Campanian dishes, with quality ingredients, everything surrounded by a chic atmosphere and at the same time genuine.","Italian, Seafood, Mediterranean, Neapolitan, Campania, Southern-Italian","Reservations, Outdoor Seating, Seating, Highchairs Available, Wheelchair Accessible, Serves Alcohol, Free Wifi, Accepts Credit Cards, Table Service, Full Bar, Digital Payments","Vegetarian Friendly, Vegan Options, Gluten Free Options",https://www.tripadvisor.com/Restaurant_Review-g186338-d17383940-Reviews-Osteria_Napoletana-London_England.html,?15 - ?30,4.5,5.0,4.5,no price level,4.5,187,"","",""
Iran Restaurant,"27 Shepherd Market, London W1J 7PR, UK",020 7409 3337,http://www.iranrestaurant.co.uk/,2,"For Table Bookings https://iran-restaurant-mayfair.resos.com/booking Since opening our Iran Restaurant in 2001, weÃÂ¢ÃÂÃÂve been providing delicious food and refreshing drinks, in beautiful surro","Healthy, Middle Eastern, Persian","Delivery, Takeout, Reservations, Outdoor Seating, Private Dining, Seating, Highchairs Available, Wheelchair Accessible, Serves Alcohol, Full Bar, Free Wifi, Accepts Credit Cards, Table Service","Vegetarian Friendly, Vegan Options, Halal, Gluten Free Options",https://www.tripadvisor.com/Restaurant_Review-g186338-d733340-Reviews-Iran_Restaurant-London_England.html,?36 - ?36,4.5,4.5,4.5,2,4.6,3558,"","",""
Humble Grape Liverpool Street,"8 Devonshire Row, London EC2M 4RH, UK",020 3887 9287,https://www.humblegrape.co.uk/wine-bar/liverpool-street/,"","","European, Wine Bar","","Vegetarian Friendly, Gluten Free Options",https://www.tripadvisor.com/Restaurant_Review-g186338-d13462998-Reviews-Humble_Grape_Liverpool_Street-London_England.html,?12 - ?48,5.0,5.0,4.5,no price level,4.4,77,"","",""
Chez Antoinette Victoria,"64 Buckingham Gate, 22 Palmer St, London SW1H 0PH, UK",020 3990 5377,http://www.chezantoinette.co.uk/,"","","French, European","","Vegetarian Friendly, Vegan Options, Gluten Free Options",https://www.tripadvisor.com/Restaurant_Review-g186338-d16948705-Reviews-Chez_Antoinette_Victoria-London_England.html,?6 - ?16,5.0,5.0,5.0,no price level,4.6,351,"","",""
The Monsoon,"78 Brick Ln, London E1 6RL, UK",020 7375 1345,http://www.monsoonbricklane.co.uk/,3,"","Indian, Asian, Balti, Bangladeshi","","Vegetarian Friendly, Vegan Options, Halal, Gluten Free Options",https://www.tripadvisor.com/Restaurant_Review-g186338-d1550869-Reviews-The_Monsoon-London_England.html,?14 - ?36,4.0,4.5,4.0,no price level,4.3,739,"","",""
Alcedo Bistro & Bar,"237 Holloway Rd, London N7 8HG, UK",020 7998 7672,https://alcedo-bistro-bar.business.site/?m=true,"","","European, British","","Vegetarian Friendly, Vegan Options, Gluten Free Options",https://www.tripadvisor.com/Restaurant_Review-g186338-d10701523-Reviews-Alcedo_Bistro_Bar-London_England.html,?7 - ?34,4.5,5.0,4.5,no price level,4.7,279,"","",""
Sushi Tetsu,"12 Jerusalem Passage, London EC1V 4JP, UK",020 3217 0090,no website,"","","Japanese, Seafood, Sushi, Asian",Gluten Free Options,Dinner,https://www.tripadvisor.com/Restaurant_Review-g186338-d3314573-Reviews-Sushi_Tetsu-London_England.html,"",5.0,5.0,4.5,2,4.7,394,"","",""
Barge East Restaurant,"River Lee, Sweetwater Mooring, White Post Ln, London E9 5EN, UK",020 3026 2807,https://www.bargeeast.com/,"","Since launching in 2018, Barge East has become a prominent destination for food and drink in East London - a number one rated restaurant on TripAdvisor 2019/2020. Following on from this, we have now l",British,"Takeout, Reservations, Outdoor Seating, Seating, Highchairs Available, Serves Alcohol, Full Bar, Accepts Credit Cards, Table Service, Wine and Beer, Live Music, Waterfront, Dog Friendly, Gift Cards Av","Vegetarian Friendly, Vegan Options, Gluten Free Options",https://www.tripadvisor.com/Restaurant_Review-g186338-d14766290-Reviews-Barge_East_Restaurant-London_England.html,?6 - ?18,5.0,5.0,4.5,2,4.5,877,"","",""
Nepal Authentic Dining,"121 Uxbridge Rd, London W12 8NL, UK",020 8740 7551,https://nepalauthenticdining.com/our_menu.php?utm_source=google&utm_medium=pin&utm_content=menu-button,4,"","Indian, Asian, Nepali","","Vegetarian Friendly, Vegan Options, Halal, Gluten Free Options",https://www.tripadvisor.com/Restaurant_Review-g186338-d2013731-Reviews-Nepal_Authentic_Dining-London_England.html,?15 - ?22,4.5,4.5,4.5,2,4.6,262,"","",""
Anjanaas,"57-59 Willesden Ln, North Maida Vale, London NW6 7RL, UK",020 7624 1713,http://www.anjanaas.com/,"","","Indian, Asian","Vegetarian Friendly, Vegan Options, Gluten Free Options","Lunch, Dinner",https://www.tripadvisor.com/Restaurant_Review-g186338-d2699789-Reviews-Anjanaas-London_England.html,"",4.5,4.5,4.5,2,4.5,511,"","",""
taNgia,"108 Mitcham Rd, London SW17 9NG, UK",020 3774 0779,http://tangia.co.uk/,"",Tangia is an independent family run trendy restaurant serving Moroccan and Mediterranean dishes with a modern gourmet twist. We also have seating for those seeking a coffee or just a drink from the ba,Mediterranean,"Delivery, Takeout, Seating, Street Parking, Free off-street parking, Highchairs Available, Serves Alcohol, Full Bar, Wine and Beer, Accepts Mastercard, Accepts Visa, Free Wifi, Reservations, Wheelchai","Vegetarian Friendly, Vegan Options, Halal",https://www.tripadvisor.com/Restaurant_Review-g186338-d7391044-Reviews-TaNgia-London_England.html,?12 - ?30,5.0,5.0,4.5,2,4.6,245,"","",""
Wassouf Lounge,"4-5 N End Parade, London W14 0SJ, UK",020 7348 3697,http://www.wassouflounge.com/,5,"Fantastic New Lebanese \"excellent\" dishes are presented with \"understated flair\" so \"Delicious\" not shy to ask for more. Your choice of wraps and salads create your own dish,\"Eat how you like not how","Lebanese, Middle Eastern, Mediterranean","Takeout, Reservations, Outdoor Seating, Seating, Street Parking, Television, Accepts American Express, Accepts Mastercard, Accepts Visa, Digital Payments, Free Wifi, Wheelchair Accessible, Accepts Cre","Vegetarian Friendly, Vegan Options, Halal, Gluten Free Options",https://www.tripadvisor.com/Restaurant_Review-g186338-d6619139-Reviews-Wassouf_Lounge-London_England.html,?6 - ?30,4.5,5.0,5.0,1,4.5,242,"","",""
Filika Restaurant,"62 High St, London E11 2RJ, UK",020 8530 1333,http://www.filikarestaurant.co.uk/,4,"","Mediterranean, Seafood, Middle Eastern, International","","Vegetarian Friendly, Vegan Options, Halal, Gluten Free Options",https://www.tripadvisor.com/Restaurant_Review-g186338-d13565344-Reviews-Filika_Restaurant-London_England.html,?10 - ?25,4.5,5.0,4.5,2,4.7,519,"","",""
Morso Abbey Road,"130 Boundary Rd, London NW8 0RH, UK",020 7624 7412,http://www.morsolondon.co.uk/,"","Morso is a modern community-centred restaurant and bar, serving hand-crafted fresh pasta and small plates of Italian bites alongside innovative Grappa-based cocktails. We take inspiration from Italian","Italian, Bar, Mediterranean, European, Contemporary","Gift Cards Available, Takeout, Reservations, Outdoor Seating, Seating, Highchairs Available, Serves Alcohol, Full Bar, Free Wifi, Accepts Credit Cards, Table Service, Street Parking, Wine and Beer, Di","Vegetarian Friendly, Gluten Free Options, Vegan Options",https://www.tripadvisor.com/Restaurant_Review-g186338-d14190070-Reviews-Morso_Abbey_Road-London_England.html,?12 - ?30,5.0,5.0,4.5,1,4.7,338,"","",""
Rock Star Sushi Bar,"Unit 5, The Long Shop, Watermill Way, London SW19 2RD, UK",07473 100008,no website,5,"",Sushi,"","Vegetarian Friendly, Vegan Options, Gluten Free Options",https://www.tripadvisor.com/Restaurant_Review-g186338-d6575472-Reviews-Rock_Star_Sushi_Bar-London_England.html,?30 - ?60,5.0,5.0,4.5,no price level,4.6,155,"","",""
Sam's Riverside,"1 Crisp Rd, London W6 9DN, UK",020 8237 1020,http://www.samsriverside.co.uk/,"","","British, European","Vegetarian Friendly, Vegan Options, Gluten Free Options","Lunch, Dinner, Drinks",https://www.tripadvisor.com/Restaurant_Review-g186338-d19273952-Reviews-Sam_s_Riverside-London_England.html,"",5.0,4.5,4.5,no price level,4.7,354,"","",""
Cafe Van Gogh,"88 Brixton Rd, Vassal, London SW9 6BE, UK",020 3903 9232,http://www.cafevangogh.co.uk/,5,"","Cafe, European, British, Healthy","","Vegetarian Friendly, Vegan Options, Gluten Free Options",https://www.tripadvisor.com/Restaurant_Review-g186338-d10191943-Reviews-Cafe_Van_Gogh-London_England.html,?3 - ?14,5.0,5.0,4.5,1,4.7,704,"","",""
Monkey Temple,"92 Askew Rd, London W12 9BL, UK",020 8743 4597,http://monkeytempleonline.co.uk/?utm_source=google&utm_medium=pin-website&utm_content=website-button,4,"At Monkey Temple, we worship food. We believe food allows people to share, connect and stay healthy in their mind, body and spirit. Choosing only the freshest, seasonal and authentic ingredients, our","Indian, Asian, Nepali","Outdoor Seating, Seating, Highchairs Available, Serves Alcohol, Full Bar, Accepts American Express, Accepts Mastercard, Accepts Visa, Free Wifi, Delivery, Takeout, Reservations, Street Parking, Wheelc","Vegetarian Friendly, Vegan Options, Gluten Free Options",https://www.tripadvisor.com/Restaurant_Review-g186338-d6759550-Reviews-Monkey_Temple-London_England.html,?12 - ?30,4.5,4.5,4.5,2,4.6,284,"","",""
Shahi Pakwaan,"25 Aylmer Parade, Aylmer Rd, London N2 0PE, UK",020 8341 1111,https://shahipakwaan.co.uk/,4,"","Indian, Asian","","Vegetarian Friendly, Vegan Options, Gluten Free Options",https://www.tripadvisor.com/Restaurant_Review-g186338-d12116313-Reviews-Shahi_Pakwaan-London_England.html,?24 - ?42,5.0,5.0,5.0,2,4.7,247,"","",""
Memories of India Kensington,"18 Gloucester Rd, South Kensington, London SW7 4RB, UK",020 7589 6450,http://www.memoriesofindia.com/,"","","Indian, Asian","","Vegetarian Friendly, Vegan Options, Gluten Free Options",https://www.tripadvisor.com/Restaurant_Review-g186338-d1017393-Reviews-Memories_of_India_Kensington-London_England.html,?22 - ?35,4.5,4.5,4.0,2,4.3,481,"","",""
Home SW15,"146 Upper Richmond Rd, London SW15 2SW, UK",020 8780 0592,http://www.homesw15.com/,5,"","British, Healthy, European","","Vegetarian Friendly, Vegan Options, Gluten Free Options",https://www.tripadvisor.com/Restaurant_Review-g186338-d12962245-Reviews-Home_SW15-London_England.html,?12 - ?38,4.5,5.0,4.5,2,4.7,401,"","",""
Cirrik 19 Numara Bos,"34 Stoke Newington Rd, London N16 7XJ, UK",020 7249 0400,http://www.cirrik.co.uk/,"","","Mediterranean, Barbecue, Turkish, Middle Eastern","","Vegetarian Friendly, Vegan Options, Halal, Gluten Free Options",https://www.tripadvisor.com/Restaurant_Review-g186338-d730384-Reviews-Cirrik_19_Numara_Bos-London_England.html,?10 - ?25,4.5,4.5,4.5,1,4.5,306,"","",""
Galvin La Chapelle,"35 Spital Square, London E1 6DY, UK",020 7299 0400,https://galvinrestaurants.com/restaurant/galvin-la-chapelle-the-city-michelin-star/,5,"The third restaurant to be opened by acclaimed chef brothers Chris and Jeff Galvin, La Chapelle has been consistently praised, winning no less than 8 top restaurant awards in its first year, including",French,"Reservations, Private Dining, Seating, Wheelchair Accessible, Serves Alcohol, Full Bar, Free Wifi, Accepts Credit Cards, Table Service, Live Music, Jazz Bar, Gift Cards Available","Vegetarian Friendly, Vegan Options, Gluten Free Options",https://www.tripadvisor.com/Restaurant_Review-g186338-d1645957-Reviews-Galvin_La_Chapelle-London_England.html,?66 - ?180,4.5,4.5,4.0,4,4.6,1914,"","",""
Sergio's,"84A Great Titchfield St., London W1W 7QY, UK",020 7436 7301,http://www.sergiosw1.co.uk/,5,"","Italian, Pizza, Mediterranean, European","Vegetarian Friendly, Vegan Options, Gluten Free Options","Lunch, Dinner, Brunch, Late Night",https://www.tripadvisor.com/Restaurant_Review-g186338-d1044630-Reviews-Sergio_s-London_England.html,"",4.5,4.5,4.0,2,4.4,576,"","",""
Blacklock Soho,"24 Great Windmill St, London W1D 7LG, UK",020 3441 6996,https://theblacklock.com/restaurants/blacklock-soho/?utm_source=SOHO_GMB&utm_medium=GMB&utm_campaign=SOHO_RES&utm_id=SOHO_GMB,5,"Chops and steaks from award winning butcher and farmer Philip Warren in Cornwall, all cooked over a real charcoal grill alongside seasonal sides. Wine on tap and cocktails for a fiver as well as a Sun","Steakhouse, Barbecue, British","Highchairs Available, Serves Alcohol, Full Bar, Accepts American Express, Accepts Mastercard, Accepts Visa, Free Wifi, Reservations, Seating, Accepts Credit Cards, Table Service",Gluten Free Options,https://www.tripadvisor.com/Restaurant_Review-g186338-d7707197-Reviews-Blacklock_Soho-London_England.html,?18 - ?36,4.5,4.5,4.5,2,4.7,2514,"","",""
Chojo,"16 Garway Rd, London W2 4NH, UK",020 3286 8286,http://www.chojo.co.uk/,"","","Chinese, Taiwanese, Street Food","","Vegetarian Friendly, Vegan Options, Gluten Free Options",https://www.tripadvisor.com/Restaurant_Review-g186338-d15057719-Reviews-Chojo-London_England.html,?18 - ?108,4.5,5.0,4.5,no price level,4.8,258,"","",""
Caminata,"96 Bedford Hill, London SW12 9HR, UK",020 8772 0701,http://www.caminata.co.uk/,5,"","Italian, Pizza, European, Neapolitan, Campania, Southern-Italian","","Vegetarian Friendly, Vegan Options, Gluten Free Options",https://www.tripadvisor.com/Restaurant_Review-g186338-d2008532-Reviews-Caminata-London_England.html,?14 - ?28,4.5,4.5,4.5,2,4.6,408,"","",""
Venerdi,"9 Chatsworth Rd, London E5 0LH, UK",020 8533 1902,http://www.venerdi.co.uk/,3,"Since we opened, our focus and aim has been to provide quality authentic Italian food, along with a fantastic customer service that you canÃÂ¢ÃÂÃÂt help notice from the moment you enter our doors","Italian, Pizza, Seafood, Mediterranean, European, Tuscan, Romana, Lazio, Sicilian, Central-Italian, Southern-Italian","Delivery, Takeout, Reservations, Outdoor Seating, Seating, Highchairs Available, Wheelchair Accessible, Serves Alcohol, Full Bar, Free Wifi, Table Service","Gluten Free Options, Vegetarian Friendly, Vegan Options",https://www.tripadvisor.com/Restaurant_Review-g186338-d3961550-Reviews-Venerdi-London_England.html,?8 - ?19,4.0,4.5,4.0,2,4.2,703,"","",""
JW Steakhouse,"86 Park Ln, London W1K 7TN, UK",020 7399 8460,http://www.jwsteakhouse.co.uk/,"","Located at JW Marriott Grosvenor House London in London, United Kingdom, JW Steakhouse has firmly established itself as a leading American Steakhouse on the Mayfair dining scene. Featuring succulent U","American, Steakhouse, British","Reservations, Outdoor Seating, Private Dining, Seating, Parking Available, Highchairs Available, Wheelchair Accessible, Serves Alcohol, Full Bar, Free Wifi, Accepts Credit Cards, Table Service, Gift C","Vegetarian Friendly, Gluten Free Options",https://www.tripadvisor.com/Restaurant_Review-g186338-d1785869-Reviews-JW_Steakhouse-London_England.html,?27 - ?65,4.5,4.5,4.0,3,4.4,628,"","",""
Little India,"32 Gloucester Rd, South Kensington, London SW7 4RB, UK",020 7584 3476,http://www.littleindialondon.com/,5,"",Indian,"Vegetarian Friendly, Vegan Options, Gluten Free Options","Lunch, Dinner, Late Night",https://www.tripadvisor.com/Restaurant_Review-g186338-d1016157-Reviews-Little_India-London_England.html,"",4.5,4.5,4.0,2,4.3,654,"","",""
Fast Break,"113 Old St, London EC1V 9JR, UK",020 7253 3655,http://www.thefastbreak.co.uk/,3,"","Cafe, European, British","Vegetarian Friendly, Vegan Options, Gluten Free Options","Breakfast, Lunch, Brunch",https://www.tripadvisor.com/Restaurant_Review-g186338-d12246210-Reviews-Fast_Break-London_England.html,"",5.0,4.5,5.0,1,4.4,272,"","",""
Palms of Goa,"12 Charlotte St., London W1T 2LU, UK",020 7636 1668,http://www.palmsofgoa.com/,4,"","Indian, Asian, Healthy","","Vegetarian Friendly, Vegan Options, Gluten Free Options",https://www.tripadvisor.com/Restaurant_Review-g186338-d2154460-Reviews-Palms_of_Goa-London_England.html,?24 - ?36,4.5,4.5,4.5,2,4.4,483,"","",""
Peninsula Restaurant,"2nd Floor, One Waterview Dr, London SE10 0TW, UK",020 8463 6868,http://bit.ly/ICO2PeninsulaRestaurant,"","","European, British","","Vegetarian Friendly, Vegan Options, Gluten Free Options",https://www.tripadvisor.com/Restaurant_Review-g186338-d10148721-Reviews-Peninsula_Restaurant-London_England.html,?34 - ?72,4.5,5.0,4.5,no price level,4.7,144,"","",""
Pentolina,"71 Blythe Rd, London W14 0HP, UK",no phone number,http://www.pentolinarestaurant.co.uk/,5,"","Italian, Mediterranean, European","Vegetarian Friendly, Vegan Options, Gluten Free Options","Lunch, Dinner",https://www.tripadvisor.com/Restaurant_Review-g186338-d2256999-Reviews-Pentolina-London_England.html,"",4.5,4.5,4.5,2,4.7,273,"","",""
Little Wonder Cafe,"48 Hornsey Rd, London N7 7BP, UK",020 3602 8239,no website,5,"","Cafe, British","Vegetarian Friendly, Vegan Options, Gluten Free Options","Breakfast, Lunch, Dinner, Brunch",https://www.tripadvisor.com/Restaurant_Review-g186338-d3343549-Reviews-Little_Wonder_Cafe-London_England.html,"",4.5,4.5,5.0,1,4.7,257,"","",""
Lord Wargrave,"40-42 Brendon St, London W1H 5HE, UK",020 7723 0559,https://www.lordwargrave.com/,4,"","Bar, Barbecue, British, Pub","","Vegetarian Friendly, Vegan Options, Gluten Free Options",https://www.tripadvisor.com/Restaurant_Review-g186338-d1044772-Reviews-Lord_Wargrave-London_England.html,?2 - ?38,4.5,4.5,4.0,2,4.5,1011,"","",""
Da Mario Covent Garden,"63 Endell St, London WC2H 9AJ, UK",020 7240 3632,http://www.da-mario.co.uk/,"","Located a few minutes walk from Covent Garden. Da Mario is a small Italian family Restaurant in London serving fresh made pasta, fish, seafood, meat dishes and home-made desserts and some of the fines","Italian, Mediterranean, European, Healthy","Outdoor Seating, Reservations, Seating, Serves Alcohol, Full Bar, Accepts American Express, Accepts Mastercard, Accepts Visa, Accepts Credit Cards, Table Service, Street Parking, Wine and Beer, Family","Vegetarian Friendly, Vegan Options, Gluten Free Options",https://www.tripadvisor.com/Restaurant_Review-g186338-d718583-Reviews-Da_Mario_Covent_Garden-London_England.html,?30 - ?60,4.5,4.5,4.5,2,4.5,669,"","",""
Alexandrie Restaurant,"38C Kensington Church St, London W8 4BX, UK",020 7937 2244,http://www.alexandrie.co.uk/,"","","Mediterranean, Middle Eastern, Egyptian","","Vegetarian Friendly, Vegan Options, Gluten Free Options",https://www.tripadvisor.com/Restaurant_Review-g186338-d7589353-Reviews-Alexandrie_Restaurant-London_England.html,?7 - ?44,4.5,4.5,4.5,3,4.7,108,"","",""
Kamasutra Indian Restaurant,"2 Holcombe St, London W6 9JR, UK",020 8748 5000,https://www.kamasutrarestaurants.com/,5,"","Indian, Asian","","Vegetarian Friendly, Vegan Options, Gluten Free Options",https://www.tripadvisor.com/Restaurant_Review-g186338-d16801424-Reviews-Kamasutra_Indian_Restaurant-London_England.html,?18 - ?30,4.5,5.0,4.5,2,4.7,292,"","",""
Grato,"9 Kensington Square, London W8 5EP, UK",020 3371 9338,http://www.gratolondon.com/,5,"","Italian, Mediterranean, Tuscan, Central-Italian, Northern-Italian, Southern-Italian","","Vegetarian Friendly, Vegan Options, Gluten Free Options",https://www.tripadvisor.com/Restaurant_Review-g186338-d17385148-Reviews-Grato-London_England.html,?5 - ?25,4.5,4.5,4.5,no price level,4.9,213,"","",""
The Peasant,"240 St John St, London EC1V 4PH, UK",020 7336 7726,http://www.thepeasant.co.uk/,5,"","Bar, British, Pub","","Vegetarian Friendly, Vegan Options, Gluten Free Options",https://www.tripadvisor.com/Restaurant_Review-g186338-d720286-Reviews-The_Peasant-London_England.html,?11 - ?19,4.5,4.5,4.5,2,4.4,507,"","",""
Capeesh,"4 Pan Peninsula Square, London E14 9HN, UK",020 7538 1111,https://www.capeesh.co.uk/,4,"As an authentic Italian restaurant, we are pleased to take our place among the great restaurants in Canary Wharf, London. At Capeesh we do things differently. We are one of the finest restaurants in C","Italian, Pizza","Delivery, Takeout, Reservations, Outdoor Seating, Seating, Street Parking, Highchairs Available, Wheelchair Accessible, Serves Alcohol, Full Bar, Digital Payments, Free Wifi, Accepts Credit Cards, Tab","Vegetarian Friendly, Vegan Options, Gluten Free Options",https://www.tripadvisor.com/Restaurant_Review-g186338-d13001816-Reviews-Capeesh-London_England.html,?5 - ?100,4.5,4.5,4.0,2,4.3,2035,"","",""
La Piccola Deli Pasticceria,"La Piccola Deli Pasticceria, 270 Kensington High St, London W8 6ND, UK",020 7371 6003,http://www.lapiccoladeli.com/,"","","Cafe, European","","Vegetarian Friendly, Vegan Options, Gluten Free Options",https://www.tripadvisor.com/Restaurant_Review-g186338-d1316717-Reviews-La_Piccola_Deli_Pasticceria-London_England.html,?2 - ?30,4.5,4.5,4.5,2,4.6,377,"","",""
Leicester Square Kitchen,"31-36 Leicester Square, London WC2H 7LH, UK",020 7666 0902,https://www.thekitchensrestaurants.co.uk/leicester-square-kitchen?utm_source=Yext&utm_medium=Organic,"",Relaxed luxury in the heart of Leicester Square. Our ethos embraces the art of shared dining with a sophisticated yet unassuming setting. Leicester Square Kitchen will showcase an exquisite selection,"Mexican, Peruvian, Healthy","Reservations, Outdoor Seating, Seating, Highchairs Available, Wheelchair Accessible, Serves Alcohol, Full Bar, Accepts American Express, Accepts Mastercard, Accepts Visa, Free Wifi, Accepts Credit Car","Vegetarian Friendly, Vegan Options, Gluten Free Options",https://www.tripadvisor.com/Restaurant_Review-g186338-d12392823-Reviews-Leicester_Square_Kitchen-London_England.html,?20 - ?55,4.5,4.5,4.0,2,4.4,578,"","",""
Chez Elles Bistroquet,"45 Brick Ln, London E1 6PU, UK",020 7247 9699,http://www.chezellesbistroquet.co.uk/,"","","Wine Bar, French, European","","Vegetarian Friendly, Vegan Options, Gluten Free Options",https://www.tripadvisor.com/Restaurant_Review-g186338-d3296245-Reviews-Chez_Elles_Bistroquet-London_England.html,?18 - ?56,4.5,4.5,4.5,2,4.7,483,"","",""
May Fair Kitchen,"Stratton St, London W1J 8LT, UK",020 7915 3892,https://www.thekitchensrestaurants.co.uk/may-fair-kitchen?utm_source=Yext&utm_medium=Organic,"","Set in LondonÃÂ¢ÃÂÃÂs most exclusive neighbourhood, May Fair Kitchen offers a menu of contemporary Italian and Spanish small plates, entrÃÂÃÂ©es and specialities, in addition to signature dish","European, Southern-Italian, Catalan","Reservations, Private Dining, Seating, Highchairs Available, Wheelchair Accessible, Serves Alcohol, Full Bar, Accepts American Express, Accepts Mastercard, Accepts Visa, Free Wifi, Accepts Credit Card","Vegetarian Friendly, Vegan Options, Gluten Free Options",https://www.tripadvisor.com/Restaurant_Review-g186338-d6612075-Reviews-May_Fair_Kitchen-London_England.html,?30 - ?84,4.5,4.5,4.5,no price level,4.6,669,"","",""
Mangia Bene,"18 Chapel Market, London N1 9EZ, UK",020 7278 2825,https://www.mangiabene.co.uk/,4,"","Pizza, Mediterranean, Neapolitan, Campania, Southern-Italian","","Vegetarian Friendly, Vegan Options, Gluten Free Options",https://www.tripadvisor.com/Restaurant_Review-g186338-d7621391-Reviews-Mangia_Bene-London_England.html,?12 - ?18,4.5,4.5,4.5,2,4.6,499,"","",""
Bloomsbury Street Kitchen,"9-13 Bloomsbury St, London WC1B 3QD, UK",020 7666 2044,https://www.thekitchensrestaurants.co.uk/bloomsbury-street-kitchen?utm_source=Yext&utm_medium=Organic,"","","Japanese, Mediterranean, European, Central-Italian","","Vegetarian Friendly, Vegan Options, Gluten Free Options",https://www.tripadvisor.com/Restaurant_Review-g186338-d17763477-Reviews-Bloomsbury_Street_Kitchen-London_England.html,?22 - ?60,4.5,4.5,4.5,no price level,4.6,96,"","",""
Bella Vita,"53-57 Broadway Market, London E8 4PH, UK",020 7249 4772,http://www.bellavitabroadway.com/,5,"Our Italian Restaurant in Broadway Market, Hackney offers a menu with a combination of classic Italian dishes and contemporary twists. From great ÃÂ¢ÃÂÃÂantipastiÃÂ¢ÃÂÃÂ to the home made ÃÂ","Italian, Pizza, Mediterranean, European, Tuscan, Romana, Lazio, Sicilian, Sardinian, Central-Italian, Southern-Italian","Delivery, Takeout, Reservations, Outdoor Seating, Seating, Street Parking, Highchairs Available, Wheelchair Accessible, Serves Alcohol, Full Bar, Accepts Mastercard, Accepts Visa, Cash Only, Free Wifi","Vegetarian Friendly, Vegan Options, Gluten Free Options",https://www.tripadvisor.com/Restaurant_Review-g186338-d3681920-Reviews-Bella_Vita-London_England.html,?6 - ?18,4.0,4.5,3.5,2,4.1,841,"","",""
Anglo,"30 St Cross St, London EC1N 8UH, UK",020 7430 1503,http://www.anglorestaurant.com/,4,"","European, British","","Vegetarian Friendly, Gluten Free Options",https://www.tripadvisor.com/Restaurant_Review-g186338-d10190924-Reviews-Anglo-London_England.html,?23 - ?64,5.0,4.5,4.5,3,4.7,310,"","",""
Midpoint Restaurant,"3, Anchor Iron Wharf, Ballast Quay, London SE10 9GL, UK",020 8293 0377,https://www.midpointrestaurant.co.uk/,5,"","Mediterranean, Turkish, Middle Eastern, Grill","","Vegetarian Friendly, Vegan Options, Gluten Free Options",https://www.tripadvisor.com/Restaurant_Review-g186338-d13559578-Reviews-Midpoint_Restaurant-London_England.html,?13 - ?36,4.5,4.5,4.5,2,4.5,891,"","",""
Blacklock City,"13 Philpot Ln, London EC3M 8AA, UK",020 7998 7676,https://theblacklock.com/restaurants/city/,"","Chops and steaks with seasonal sides, wine on tap and cocktails for a fiver. Our second restaurant, this time in the basement of an old electricity substation on the site of London's first ever meat m","Steakhouse, British, Grill","Reservations, Seating, Serves Alcohol, Full Bar, Free Wifi, Accepts Credit Cards, Table Service",Gluten Free Options,https://www.tripadvisor.com/Restaurant_Review-g186338-d12308526-Reviews-Blacklock_City-London_England.html,?18 - ?36,4.5,4.5,4.5,2,4.7,1187,"","",""
Tom Simmons - Tower Bridge,"2 Still Walk, London SE1 2RF, UK",020 3848 2100,http://www.tom-simmons.co.uk/,"","","European, British, Welsh","","Vegetarian Friendly, Vegan Options, Gluten Free Options",https://www.tripadvisor.com/Restaurant_Review-g186338-d12556244-Reviews-Tom_Simmons_Tower_Bridge-London_England.html,?19 - ?72,5.0,4.5,4.5,3,4.7,192,"","",""
Dalloway Terrace,"16-22 Great Russell St, London WC1B 3NN, UK",020 7347 1221,https://dallowayterrace.com/?utm_source=google&utm_medium=local&utm_campaign=restaurant-dallowayterrace,"","Dalloway Terrace is one of London's most popular outdoor, all day dining restaurants. Named after the eponymous character created by Virginia Woolf, an author whose name will forever be associated wit","European, British, Central European","Reservations, Outdoor Seating, Private Dining, Seating, Highchairs Available, Wheelchair Accessible, Serves Alcohol, Full Bar, Wine and Beer, Accepts American Express, Accepts Mastercard, Accepts Visa","Vegetarian Friendly, Vegan Options, Gluten Free Options",https://www.tripadvisor.com/Restaurant_Review-g186338-d10027950-Reviews-Dalloway_Terrace-London_England.html,?10 - ?30,4.5,4.5,4.0,3,4.2,808,"","",""
Dhaba@49,"49 Chippenham Rd, London W9 2AH, UK",020 3489 2424,https://dhaba49.com/,"","","Indian, Asian, Street Food","","Vegetarian Friendly, Vegan Options, Halal, Gluten Free Options",https://www.tripadvisor.com/Restaurant_Review-g186338-d12926680-Reviews-Dhaba_49-London_England.html,?24 - ?36,4.5,4.5,4.5,2,4.6,655,"","",""
Volare,"167 Bowes Rd, London N11 2JA, UK",020 3105 2662,http://www.volarelondon.com/,5,"","Spanish, Italian, Pizza, Mediterranean","Vegetarian Friendly, Vegan Options, Gluten Free Options","Lunch, Dinner, Brunch",https://www.tripadvisor.com/Restaurant_Review-g186338-d9747239-Reviews-Volare-London_England.html,"",5.0,5.0,5.0,1,4.8,450,"","",""
Khan's of Kensington,"3 Harrington Rd, South Kensington, London SW7 3ES, UK",020 7584 4114,http://www.khansofkensington.co.uk/,5,"","Indian, Asian, Healthy","","Vegetarian Friendly, Vegan Options, Halal, Gluten Free Options",https://www.tripadvisor.com/Restaurant_Review-g186338-d1016670-Reviews-Khan_s_of_Kensington-London_England.html,?11 - ?45,4.0,4.5,3.5,2,4.3,1110,"","",""
Chez Bruce,"2 Bellevue Rd, London SW17 7EG, UK",020 8672 0114,http://www.chezbruce.co.uk/,5,"","French, European, British","","Vegetarian Friendly, Vegan Options, Gluten Free Options",https://www.tripadvisor.com/Restaurant_Review-g186338-d718485-Reviews-Chez_Bruce-London_England.html,?48 - ?68,4.5,4.5,4.5,3,4.8,845,"","",""
Luna Nuova,"773 Fulham Rd., London SW6 5HA, UK",020 7371 9774,http://lunanuova.co.uk/,"","","Italian, Mediterranean, European","","Vegetarian Friendly, Vegan Options, Gluten Free Options",https://www.tripadvisor.com/Restaurant_Review-g186338-d2241866-Reviews-Luna_Nuova-London_England.html,?12 - ?42,4.5,4.5,4.5,2,4.5,119,"","",""
Double J's Cafe,"333 Euston Rd, London NW1 3AD, UK",020 7388 1212,http://www.doublejscafe.com/,"","","Cafe, British","Vegetarian Friendly, Vegan Options","Breakfast, Lunch, Dinner, Brunch",https://www.tripadvisor.com/Restaurant_Review-g186338-d3479969-Reviews-Double_J_s_Cafe-London_England.html,"",4.5,5.0,4.5,1,4.7,327,"","",""
La Trompette,"3-7 Devonshire Rd, Chiswick, London W4 2EU, UK",020 8747 1836,http://www.latrompette.co.uk/,5,La Trompette opened in 2001 and serves some of the best food in London but without the formality or prices associated with the capitalÃÂ¢ÃÂÃÂs top end establishments.We closed at the beginning of,"French, European","Seating, Highchairs Available, Wheelchair Accessible, Serves Alcohol, Full Bar, Accepts American Express, Accepts Mastercard, Accepts Visa, Reservations, Private Dining, Accepts Credit Cards, Table Se","Vegetarian Friendly, Vegan Options, Gluten Free Options",https://www.tripadvisor.com/Restaurant_Review-g186338-d719657-Reviews-La_Trompette-London_England.html,?29 - ?59,4.5,4.5,4.5,4,4.6,652,"","",""
New London Cafe,"216 St Pauls Rd, London N1 2LL, UK",020 7354 7321,http://newlondon-cafe.com/,4,"","Cafe, European, British, International","","Vegetarian Friendly, Vegan Options, Gluten Free Options",https://www.tripadvisor.com/Restaurant_Review-g186338-d6609446-Reviews-New_London_Cafe-London_England.html,?4 - ?10,4.5,4.5,4.5,1,4.6,364,"","",""
Scully St James's,"4 St Jamess Market, St. Jamess, London SW1Y 4AH, UK",020 3911 6840,http://www.scullyrestaurant.com/,5,"",International,"Vegetarian Friendly, Vegan Options, Gluten Free Options","Lunch, Dinner",https://www.tripadvisor.com/Restaurant_Review-g186338-d13698096-Reviews-Scully_St_James_s-London_England.html,"",5.0,4.5,4.5,no price level,4.7,581,"","",""
Boro Bistro,"6-10 Borough High St, London SE1 9QQ, UK",020 7378 0788,http://borobistro.co.uk/,5,"","French, Bar, European, Wine Bar","Vegetarian Friendly, Vegan Options, Gluten Free Options","Drinks, Lunch, Dinner",https://www.tripadvisor.com/Restaurant_Review-g186338-d6956842-Reviews-Boro_Bistro-London_England.html,"",4.5,4.5,4.0,2,4.4,1245,"","",""
Hungry Turtle,"1, Walham Green Court, Fulham Rd., London SW6 2DH, UK",020 7835 6978,https://www.hungryturtle.co.uk/,4,"","Italian, Pizza, European","","Vegetarian Friendly, Vegan Options",https://www.tripadvisor.com/Restaurant_Review-g186338-d12958913-Reviews-Hungry_Turtle-London_England.html,?9 - ?15,4.5,5.0,5.0,1,4.7,328,"","",""
Humble Grape,"2 Battersea Rise, London SW11 1ED, UK",020 3620 2202,https://www.humblegrape.co.uk/wine-bar/battersea,5,"Our wine bar offers an experience from afternoon to night, beginning with a seasonal lunch set menu rolling into an evening offer of a mix of mains, small plates and sharing platters, which are source","Mediterranean, European, Contemporary, Wine Bar","Gift Cards Available, Reservations, Private Dining, Seating, Wheelchair Accessible, Serves Alcohol, Full Bar, Free Wifi, Accepts Credit Cards, Table Service","Vegetarian Friendly, Gluten Free Options, Vegan Options",https://www.tripadvisor.com/Restaurant_Review-g186338-d10183312-Reviews-Humble_Grape-London_England.html,?7 - ?30,4.5,4.5,4.5,2,4.5,183,"","",""
Arro Coffee - Bayswater,"77 Bishops Bridge Rd, London W2 6BG, UK",020 7221 4600,http://www.arrocoffee.com/,"","","Italian, Cafe","","Vegetarian Friendly, Vegan Options, Gluten Free Options",https://www.tripadvisor.com/Restaurant_Review-g186338-d11884748-Reviews-Arro_Coffee_Bayswater-London_England.html,?3 - ?15,4.5,4.5,4.5,2,4.6,805,"","",""
Zala grill,"39 Camden Lock Pl, London NW1 8AL, UK",no phone number,http://www.zalagrill.com/,"","Zala Grill, a Middle Eastern restaurant specializing in Levantine pitas, Hummus Plates with grilled meats and Shakshuka (Slow cooked tomato sauce with runny poached eggs) at The West Yard Camden Lock","Mediterranean, Middle Eastern, Israeli","Delivery, Takeout, Seating, Serves Alcohol, Wine and Beer, Accepts American Express, Accepts Mastercard, Accepts Visa, Table Service, Outdoor Seating","Vegetarian Friendly, Vegan Options, Gluten Free Options",https://www.tripadvisor.com/Restaurant_Review-g186338-d12375817-Reviews-Zala_grill-London_England.html,?7 - ?19,4.5,4.5,4.5,no price level,4,188,"","",""
Ciullosteria,"31 Balham High Rd, London SW12 9AL, UK",020 8675 3072,http://www.ciullosteria.com/,4,"","Italian, Pizza, Mediterranean, European","Vegetarian Friendly, Gluten Free Options, Vegan Options","Lunch, Dinner, Late Night",https://www.tripadvisor.com/Restaurant_Review-g186338-d718523-Reviews-Ciullosteria-London_England.html,"",4.5,4.5,4.5,no price level,4.7,321,"","",""
Ishtar,"10-12 Crawford St, London W1U 6AZ, UK",020 7224 2446,https://ishtarrestaurant.com/,4,"","Mediterranean, European, Turkish, Middle Eastern","","Vegetarian Friendly, Vegan Options, Halal, Gluten Free Options",https://www.tripadvisor.com/Restaurant_Review-g186338-d733567-Reviews-Ishtar-London_England.html,?25 - ?35,4.5,4.5,4.5,2,4.3,972,"","",""
Senzala Creperie,"41-42 Coldharbour Ln, London SW9 8PS, UK",020 7274 2211,http://www.senzalacreperie.co.uk/,"","",Brazilian,"","Vegetarian Friendly, Vegan Options, Gluten Free Options",https://www.tripadvisor.com/Restaurant_Review-g186338-d2697963-Reviews-Senzala_Creperie-London_England.html,?5 - ?13,4.5,4.5,4.5,no price level,4.6,580,"","",""
The Oystermen Seafood Bar & Kitchen,"32 Henrietta St, London WC2E 8NA, UK",020 7240 4417,http://www.oystermen.co.uk/,"","","Seafood, British, Healthy","",Gluten Free Options,https://www.tripadvisor.com/Restaurant_Review-g186338-d12518072-Reviews-The_Oystermen_Seafood_Bar_Kitchen-London_England.html,?18 - ?36,5.0,4.5,4.5,2,4.6,880,"","",""
Cibo,"3 Russell Gardens, London W14 8EZ, UK",020 7371 2085,http://www.ciborestaurant.net/,5,"",Italian,"Vegetarian Friendly, Gluten Free Options","Lunch, Dinner",https://www.tripadvisor.com/Restaurant_Review-g186338-d718512-Reviews-Cibo-London_England.html,"",5.0,4.5,4.5,2,4.6,122,"","",""
Pizza Sophia,"50 Tavistock Pl, London WC1H 9RG, UK",020 7833 8556,https://pizzasophia.com/,5,"","Italian, Neapolitan, Campania, Southern-Italian","Vegetarian Friendly, Vegan Options, Gluten Free Options","Lunch, Dinner",https://www.tripadvisor.com/Restaurant_Review-g186338-d4925053-Reviews-Pizza_Sophia-London_England.html,"",4.5,4.5,4.5,1,4.6,951,"","",""
Niche Gluten-free Dining,"197-199 Rosebery Ave, London EC1R 4TJ, UK",020 7837 5048,http://www.nichefoodanddrink.com/,"","Niche is an independent restaurant serving seasonally-inspired crowd pleasers with a modern twist. Based in Angel, Islington, our 'niche' is a 100% gluten-free menu where everything is prepared and co","Healthy, Contemporary","Seating, Highchairs Available, Wheelchair Accessible, Serves Alcohol, Full Bar, Accepts Mastercard, Accepts Visa, Free Wifi, Gift Cards Available, Reservations, Accepts Credit Cards, Table Service, Wi","Vegetarian Friendly, Vegan Options, Gluten Free Options",https://www.tripadvisor.com/Restaurant_Review-g186338-d4562632-Reviews-Niche_Gluten_free_Dining-London_England.html,?24 - ?36,4.5,4.5,4.0,2,4.5,696,"","",""
Kings Stores,"14 Widegate St, London E1 7HP, UK",020 7247 4089,https://www.kingsstores.co.uk/,5,"","Bar, British, Pub, Contemporary","Vegetarian Friendly, Vegan Options, Gluten Free Options","Lunch, Dinner, Brunch, Drinks",https://www.tripadvisor.com/Restaurant_Review-g186338-d3720830-Reviews-Kings_Stores-London_England.html,"",4.5,4.5,4.5,2,4.3,1066,"","",""
Falafel Feast,"377 Regents Park Rd, London N3 1DE, UK",020 8346 3361,http://falafelfeast.co.uk/,3,"","Cafe, Mediterranean, Middle Eastern, Israeli, Fast Food","Vegetarian Friendly, Vegan Options, Gluten Free Options","Breakfast, Lunch, Brunch, Dinner",https://www.tripadvisor.com/Restaurant_Review-g186338-d12700680-Reviews-Falafel_Feast-London_England.html,"",5.0,5.0,4.5,2,4.8,136,"","",""
The Wilmington,"69 Rosebery Ave, London EC1R 4RL, UK",020 7837 1384,https://www.wilmingtonclerkenwell.com/,5,"","Bar, British, Pub, Gastropub","","Vegetarian Friendly, Vegan Options, Gluten Free Options",https://www.tripadvisor.com/Restaurant_Review-g186338-d1044781-Reviews-The_Wilmington-London_England.html,?10 - ?26,4.5,4.5,4.5,2,4.4,755,"","",""
Lanes of London,"140 Park Ln, London W1K 7AA, UK",020 7647 5664,https://www.lanesoflondon.co.uk/,3,"Set against the unrivalled backdrops of Marble Arch and Hyde Park, Lanes of London serves British inspired menu using the finest seasonal and local produce in a welcoming and relaxed environment. It i",British,"Seating, Highchairs Available, Wheelchair Accessible, Serves Alcohol, Full Bar, Wine and Beer, Free Wifi, Reservations, Table Service","Vegetarian Friendly, Vegan Options, Gluten Free Options",https://www.tripadvisor.com/Restaurant_Review-g186338-d1006016-Reviews-Lanes_of_London-London_England.html,?22 - ?30,4.5,4.5,4.0,2,4.4,153,"","",""
Maurizio Barca,"102 North End Rd, London W14 9EX, UK",020 7460 6231,http://www.mauriziobarca.co.uk/,5,The Maurizio Barca Restaurant is an Italian pasta and pizza restaurant. We want to share with customers our passion for the authenticity and the unique tastes of Italy.,"Italian, Pizza, Mediterranean, European, Neapolitan, Campania, Southern-Italian","Delivery, Takeout, Reservations, Seating, Highchairs Available, Wheelchair Accessible, Serves Alcohol, Wine and Beer, Digital Payments, Table Service, Free Wifi","Vegetarian Friendly, Vegan Options, Gluten Free Options",https://www.tripadvisor.com/Restaurant_Review-g186338-d12789362-Reviews-Maurizio_Barca-London_England.html,?12 - ?36,4.5,4.5,4.5,2,4.6,397,"","",""
Le Petit Citron,"98-100 Shepherds Bush Rd, London W6 7PD, UK",020 3019 1175,http://lepetitcitron.co.uk/,5,"","French, European","","Vegetarian Friendly, Vegan Options, Gluten Free Options",https://www.tripadvisor.com/Restaurant_Review-g186338-d15673122-Reviews-Le_Petit_Citron-London_England.html,?5 - ?16,4.5,4.5,4.5,2,4.7,286,"","",""
Mosob Restaurant,"339 Harrow Rd, Maida Hill, London W9 3RB, UK",020 7266 2012,no website,"","","African, Ethiopian","","Vegetarian Friendly, Vegan Options, Gluten Free Options",https://www.tripadvisor.com/Restaurant_Review-g186338-d733341-Reviews-Mosob_Restaurant-London_England.html,?22 - ?36,4.5,4.5,4.5,2,4.6,366,"","",""
The White Onion,"67 High St, London SW19 5EE, UK",020 8947 8278,http://www.thewhiteonion.co.uk/,5,"","French, European","","Vegetarian Friendly, Vegan Options, Gluten Free Options",https://www.tripadvisor.com/Restaurant_Review-g186338-d2359208-Reviews-The_White_Onion-London_England.html,?28 - ?90,4.5,4.5,4.5,3,4.6,296,"","",""
Constancia,"52 Tanner St, London SE1 3PH, UK",020 7234 0676,http://www.constancia.co.uk/,5,"Constancia is an independent, family-run Argentine grill and steak house, located in the heart of Bermondsey's former tannery and leather district. Established in 2009, we quickly gained a reputation",Gluten Free Options,"Reservations, Seating, Highchairs Available, Wheelchair Accessible, Serves Alcohol, Full Bar, Accepts American Express, Accepts Mastercard, Accepts Visa, Accepts Credit Cards, Table Service, Gift Card","Lunch, Dinner",https://www.tripadvisor.com/Restaurant_Review-g186338-d2216518-Reviews-Constancia-London_England.html,"",4.5,4.5,4.0,2,4.6,562,"","",""
Pizza Pilgrims,"11 Dean St, London W1D 3RP, UK",020 7287 8964,http://pizzapilgrims.co.uk/,5,"We're a little Neapolitan pizzeria in Soho with alfresco dining. Informal, friendly and fun with a range of pizzas and friggitoria items available.","Italian, Neapolitan, Campania, Southern-Italian","Delivery, Takeout, Outdoor Seating, Seating, Highchairs Available, Wheelchair Accessible, Serves Alcohol, Free Wifi, Accepts Credit Cards, Table Service","Vegetarian Friendly, Vegan Options",https://www.tripadvisor.com/Restaurant_Review-g186338-d7291976-Reviews-Pizza_Pilgrims-London_England.html,?5 - ?15,4.0,4.5,4.0,1,4.5,2349,"","",""
Casa Tua Camden,"176 Royal College St, London NW1 0SP, UK",020 8127 0460,http://www.casatualondon.com/,"","","Wine Bar, Italian, Cafe, Mediterranean","","Vegetarian Friendly, Vegan Options, Gluten Free Options",https://www.tripadvisor.com/Restaurant_Review-g186338-d6440616-Reviews-Casa_Tua_Camden-London_England.html,?12 - ?30,4.5,4.5,4.5,2,4.6,450,"","",""
Seven Park Place By William Drabble,"7-8 Park Pl, St. Jamess, London SW1A 1LS, UK",020 7316 1621,http://www.stjameshotelandclub.com/restaurants-bar/seven-park-place,"",There is no better way to celebrate the restaurantÃÂ¢ÃÂÃÂs tenth anniversary than with a remarkable relaunch of a brand new design for our Michelin starred establishment. This beautiful new resta,"European, British","Reservations, Private Dining, Seating, Wheelchair Accessible, Serves Alcohol, Full Bar, Wine and Beer, Accepts American Express, Accepts Mastercard, Accepts Visa, Free Wifi, Accepts Credit Cards, Tabl","Vegetarian Friendly, Vegan Options, Gluten Free Options",https://www.tripadvisor.com/Restaurant_Review-g186338-d1554178-Reviews-Seven_Park_Place_By_William_Drabble-London_England.html,?38 - ?105,5.0,4.5,4.5,4,4.6,171,"","",""
The Swan,"2A Stockwell Rd, London SW9 9BF, UK",020 7978 9778,http://www.theswanstockwell.co.uk/,5,"","Brew Pub, Bar, British, Dining bars","","Vegetarian Friendly, Vegan Options, Gluten Free Options",https://www.tripadvisor.com/Restaurant_Review-g186338-d4041021-Reviews-The_Swan-London_England.html,?5 - ?16,4.0,4.5,4.0,1,3.1,249,"","",""
Fish Central,"149-155 Central St, King Square, London EC1V 8AP, UK",020 7253 4970,no website,4,"","Seafood, British","Vegetarian Friendly, Gluten Free Options","Lunch, Dinner, Late Night",https://www.tripadvisor.com/Restaurant_Review-g186338-d1016482-Reviews-Fish_Central-London_England.html,"",4.5,4.5,4.5,2,4.6,671,"","",""
The Rosebery,"66 Knightsbridge, London SW1X 7LA, UK",020 7201 3828,https://www.mandarinoriental.com/london/hyde-park/fine-dining/tea-rooms/the-rosebery?htl=MOLON&kw=MOLON_rosebery&eng=google&src=local,"","","European, British","Vegetarian Friendly, Vegan Options, Gluten Free Options","Breakfast, Lunch, Drinks",https://www.tripadvisor.com/Restaurant_Review-g186338-d6637432-Reviews-The_Rosebery-London_England.html,"",4.5,4.5,4.0,no price level,4.4,87,"","",""
Chettinad Restaurant,"16 Percy St, London W1T 1DT, UK",020 3556 1229,http://www.chettinadrestaurant.com/,"","",Indian,"","Vegetarian Friendly, Vegan Options, Gluten Free Options",https://www.tripadvisor.com/Restaurant_Review-g186338-d737343-Reviews-Chettinad_Restaurant-London_England.html,?5 - ?25,4.5,4.5,4.5,2,4.3,1617,"","",""
The Little Taperia,"143 Tooting High St, London SW17 0RU, UK",020 8682 3303,http://www.thelittletaperia.co.uk/,"","The Little Taperia is an award-winning, friendly, neighbourhood Spanish tapas bar and restaurant. We have just won Time Out's Love Local Awards Best Restaurant in Tooting for the second year in a row!","Mediterranean, European, Spanish","Wheelchair Accessible, Accepts Visa, Reservations, Seating, Highchairs Available, Serves Alcohol, Full Bar, Accepts Mastercard, Free Wifi, Accepts Credit Cards, Table Service","Vegetarian Friendly, Gluten Free Options",https://www.tripadvisor.com/Restaurant_Review-g186338-d8320074-Reviews-The_Little_Taperia-London_England.html,?16 - ?24,4.5,4.5,4.5,2,4.6,631,"","",""
Pure Indian Cooking,"67 Fulham High St, London SW6 3JJ, UK",020 7736 2521,http://www.pureindiancooking.com/,5,"PURE Indian cooking prides itself in being a family run restaurant and one with impeccable credentials. Owned by the husband and wife team of Faheem Vanoo and Shilpa Dandekar, both of whom started the","Asian, Indian","Takeout, Reservations, Seating, Street Parking, Free off-street parking, Serves Alcohol, Full Bar, Wine and Beer, Accepts American Express, Accepts Mastercard, Accepts Visa, Digital Payments, Delivery","Vegetarian Friendly, Vegan Options, Gluten Free Options",https://www.tripadvisor.com/Restaurant_Review-g186338-d7189021-Reviews-Pure_Indian_Cooking-London_England.html,?42 - ?66,5.0,4.5,4.5,2,4.6,246,"","",""
Flora Indica,"242 Old Brompton Rd, London SW5 0DE, UK",020 7370 4450,http://flora-indica.com/,4,"","Indian, Asian","","Vegetarian Friendly, Vegan Options, Gluten Free Options",https://www.tripadvisor.com/Restaurant_Review-g186338-d10455238-Reviews-Flora_Indica-London_England.html,?30 - ?48,4.5,4.5,4.0,2,4.4,318,"","",""
Popolo Shoreditch,"26 Rivington St, London EC2A 3DU, UK",020 7729 4299,http://popoloshoreditch.com/,"","","Italian, Mediterranean","Vegetarian Friendly, Vegan Options, Gluten Free Options",Dinner,https://www.tripadvisor.com/Restaurant_Review-g186338-d11689131-Reviews-Popolo_Shoreditch-London_England.html,"",4.5,4.5,4.0,2,4.4,480,"","",""
Light of India,"67-69 Gloucester Rd, South Kensington, London SW7 4PG, UK",020 7584 7654,http://lightofindia.co.uk/,"","Situated in the heart of Kensington, The Light of India restaurant is a classy and elegant Indian restaurant established in 1984. Dishes are derived from the Moghul cuisine of North West India where f","Vegetarian Friendly, Vegan Options, Gluten Free Options","Takeout, Reservations, Seating, Highchairs Available, Serves Alcohol, Full Bar, Free Wifi, Accepts Credit Cards, Table Service","Breakfast, Lunch, Dinner, Late Night",https://www.tripadvisor.com/Restaurant_Review-g186338-d2036992-Reviews-Light_of_India-London_England.html,"",4.5,4.5,4.0,3,3.9,323,"","",""
The Bull Steak Expert,"54 Red Lion St, London WC1R 4PD, UK",020 7242 0708,no website,4,"","Steakhouse, Argentinean","",Gluten Free Options,https://www.tripadvisor.com/Restaurant_Review-g186338-d2704738-Reviews-The_Bull_Steak_Expert-London_England.html,?18 - ?60,4.5,4.5,4.0,3,4.5,315,"","",""
Beck's cafe,"28 Red Lion St, London WC1R 4PS, UK",020 7405 8565,no website,4,"","Cafe, British","","Vegetarian Friendly, Vegan Options",https://www.tripadvisor.com/Restaurant_Review-g186338-d816904-Reviews-Beck_s_cafe-London_England.html,?3 - ?15,4.5,4.5,4.5,1,4.5,372,"","",""
